title,release_year,type,rating,service
Game of Thrones,2011,TV Show,R,hbo
Rick and Morty,2013,TV Show,R,hbo
The Lord of the Rings: The Fellowship of the Ring,2001,Movie,PG-13,hbo
Fight Club,1999,Movie,R,hbo
The Lord of the Rings: The Two Towers,2002,Movie,PG-13,hbo
The Lord of the Rings: The Return of the King,2003,Movie,PG-13,hbo
Spirited Away,2001,Movie,PG,hbo
Alien,1979,Movie,R,hbo
Chernobyl,2019,TV Show,R,hbo
Good Will Hunting,1997,Movie,R,hbo
Die Hard,1988,Movie,R,hbo
Joker,2019,Movie,R,hbo
Aliens,1986,Movie,R,hbo
Friends,1994,TV Show,PG-13,hbo
Apocalypse Now,1979,Movie,R,hbo
Once Upon a Time in the West,1968,Movie,PG-13,hbo
The Wire,2002,TV Show,R,hbo
Harry Potter and the Deathly Hallows: Part 2,2011,Movie,PG-13,hbo
Seven Samurai,1954,Movie,,hbo
Casablanca,1942,Movie,PG,hbo
Ford v Ferrari,2019,Movie,PG-13,hbo
Amélie,2001,Movie,R,hbo
2001: A Space Odyssey,1968,Movie,G,hbo
Band of Brothers,2001,TV Show,R,hbo
Jaws,1975,Movie,PG,hbo
Full Metal Jacket,1987,Movie,R,hbo
Casino Royale,2006,Movie,PG-13,hbo
Casino Royale,2006,Movie,PG-13,hbo
Casino Royale,1967,Movie,,hbo
Casino Royale,1967,Movie,,hbo
The Sopranos,1999,TV Show,R,hbo
Princess Mononoke,1997,Movie,PG-13,hbo
Westworld,2016,TV Show,R,hbo
Requiem for a Dream,2000,Movie,R,hbo
Slumdog Millionaire,2008,Movie,R,hbo
My Neighbor Totoro,1988,Movie,PG,hbo
Wonder Woman,2017,Movie,PG-13,hbo
Wonder Woman,2017,Movie,PG-13,hbo
Wonder Woman,2009,Movie,PG-13,hbo
Wonder Woman,2009,Movie,PG-13,hbo
Braveheart,1995,Movie,R,hbo
Harry Potter and the Prisoner of Azkaban,2004,Movie,PG,hbo
Citizen Kane,1941,Movie,PG,hbo
La La Land,2016,Movie,PG-13,hbo
True Detective,2014,TV Show,R,hbo
Harry Potter and the Philosopher's Stone,2001,Movie,PG,hbo
Prisoners,2013,Movie,R,hbo
Howl's Moving Castle,2004,Movie,PG,hbo
Rush,2013,Movie,R,hbo
North by Northwest,1959,Movie,,hbo
X-Men: First Class,2011,Movie,PG-13,hbo
Million Dollar Baby,2004,Movie,PG-13,hbo
Fullmetal Alchemist: Brotherhood,2009,TV Show,R,hbo
The Wizard of Oz,1939,Movie,G,hbo
South Park,1997,TV Show,R,hbo
The Big Bang Theory,2007,TV Show,PG-13,hbo
Cinema Paradiso,1988,Movie,PG,hbo
Gran Torino,2008,Movie,R,hbo
Cast Away,2000,Movie,PG-13,hbo
Singin' in the Rain,1952,Movie,G,hbo
BlacKkKlansman,2018,Movie,R,hbo
Titanic,1997,Movie,PG-13,hbo
The Lego Movie,2014,Movie,PG,hbo
Modern Times,1936,Movie,G,hbo
John Wick: Chapter 3 - Parabellum,2019,Movie,R,hbo
The Kid,1921,Movie,,hbo
Gone with the Wind,1939,Movie,G,hbo
The Great Dictator,1940,Movie,G,hbo
Harry Potter and the Goblet of Fire,2005,Movie,PG-13,hbo
Harry Potter and the Chamber of Secrets,2002,Movie,PG,hbo
The Iron Giant,1999,Movie,PG,hbo
Harry Potter and the Deathly Hallows: Part 1,2010,Movie,PG-13,hbo
In Bruges,2008,Movie,R,hbo
The Hobbit: The Desolation of Smaug,2013,Movie,PG-13,hbo
A Star Is Born,2018,Movie,R,hbo
A Star Is Born,2018,Movie,R,hbo
A Star Is Born,2018,Movie,R,hbo
A Star Is Born,2018,Movie,R,hbo
A Star Is Born,1954,Movie,PG,hbo
A Star Is Born,1954,Movie,PG,hbo
A Star Is Born,1954,Movie,PG,hbo
A Star Is Born,1954,Movie,PG,hbo
A Star Is Born,1937,Movie,,hbo
A Star Is Born,1937,Movie,,hbo
A Star Is Born,1937,Movie,,hbo
A Star Is Born,1937,Movie,,hbo
A Star Is Born,1976,Movie,R,hbo
A Star Is Born,1976,Movie,R,hbo
A Star Is Born,1976,Movie,R,hbo
A Star Is Born,1976,Movie,R,hbo
City Lights,1931,Movie,G,hbo
Bohemian Rhapsody,2018,Movie,PG-13,hbo
Last Week Tonight with John Oliver,2014,TV Show,R,hbo
The Fighter,2010,Movie,R,hbo
M,1931,Movie,PG-13,hbo
Mystic River,2003,Movie,R,hbo
Cool Hand Luke,1967,Movie,PG,hbo
Harry Potter and the Half-Blood Prince,2009,Movie,PG,hbo
The Hobbit: An Unexpected Journey,2012,Movie,PG-13,hbo
X-Men,2000,Movie,PG-13,hbo
Rashomon,1950,Movie,,hbo
The Nice Guys,2016,Movie,R,hbo
Harry Potter and the Order of the Phoenix,2007,Movie,PG-13,hbo
Silicon Valley,2014,TV Show,R,hbo
The Goonies,1985,Movie,PG,hbo
Castle in the Sky,1986,Movie,PG,hbo
The Seventh Seal,1957,Movie,,hbo
Shazam!,2019,Movie,PG-13,hbo
The Maltese Falcon,1941,Movie,,hbo
Adventure Time,2010,TV Show,PG,hbo
Night of the Living Dead,1968,Movie,R,hbo
In the Mood for Love,2000,Movie,PG,hbo
Big Little Lies,2017,TV Show,R,hbo
Misery,1990,Movie,R,hbo
Bicycle Thieves,1948,Movie,,hbo
The Treasure of the Sierra Madre,1948,Movie,,hbo
Rome,2005,TV Show,R,hbo
Luther,2010,TV Show,PG-13,hbo
Crash,2004,Movie,R,hbo
Nausicaä of the Valley of the Wind,1984,Movie,PG,hbo
8½,1963,Movie,,hbo
Boardwalk Empire,2010,TV Show,R,hbo
Network,1976,Movie,R,hbo
Curb Your Enthusiasm,2000,TV Show,R,hbo
Yojimbo,1961,Movie,,hbo
The 400 Blows,1959,Movie,,hbo
Diabolique,1955,Movie,,hbo
When Harry Met Sally...,1989,Movie,R,hbo
Pride and Prejudice,1995,TV Show,G,hbo
Pride and Prejudice,1995,TV Show,G,hbo
Pride and Prejudice,1940,Movie,,hbo
Pride and Prejudice,1940,Movie,,hbo
They Shall Not Grow Old,2018,Movie,R,hbo
"Paris, Texas",1984,Movie,R,hbo
Ikiru,1952,Movie,,hbo
The Others,2001,Movie,PG-13,hbo
"Crazy, Stupid, Love.",2011,Movie,PG-13,hbo
Home Alone,1990,Movie,PG,hbo
Blood Diamond,2006,Movie,R,hbo
The Abyss,1989,Movie,PG-13,hbo
"Batman: The Dark Knight Returns, Part 1",2012,Movie,PG-13,hbo
Persona,1966,Movie,,hbo
Three Colors: Red,1994,Movie,R,hbo
Ponyo,2008,Movie,G,hbo
Solaris,1972,Movie,PG,hbo
The Night Of,2016,TV Show,R,hbo
A Nightmare on Elm Street,1984,Movie,R,hbo
A Nightmare on Elm Street,1984,Movie,R,hbo
A Nightmare on Elm Street,2010,Movie,R,hbo
A Nightmare on Elm Street,2010,Movie,R,hbo
The Hate U Give,2018,Movie,PG-13,hbo
Pretty Little Liars,2010,TV Show,PG-13,hbo
Moulin Rouge!,2001,Movie,PG-13,hbo
Batman,1989,Movie,PG-13,hbo
Six Feet Under,2001,TV Show,R,hbo
Alita: Battle Angel,2019,Movie,PG-13,hbo
The Gold Rush,1925,Movie,,hbo
The Diving Bell and the Butterfly,2007,Movie,PG-13,hbo
Enter the Dragon,1973,Movie,R,hbo
A Streetcar Named Desire,1951,Movie,PG,hbo
Gangs of New York,2002,Movie,R,hbo
Ready or Not,2019,Movie,R,hbo
Fast Five,2011,Movie,PG-13,hbo
The Lego Batman Movie,2017,Movie,PG,hbo
Deadwood,2004,TV Show,R,hbo
Three Colors: Blue,1993,Movie,R,hbo
A Fish Called Wanda,1988,Movie,R,hbo
Glengarry Glen Ross,1992,Movie,R,hbo
Blood Simple,1984,Movie,R,hbo
The Leftovers,2014,TV Show,R,hbo
Unbreakable,2000,Movie,PG-13,hbo
Wild Strawberries,1957,Movie,,hbo
A Christmas Story,1983,Movie,PG,hbo
Doctor Sleep,2019,Movie,R,hbo
Bowling for Columbine,2002,Movie,R,hbo
The Hobbit: The Battle of the Five Armies,2014,Movie,PG-13,hbo
"Planes, Trains and Automobiles",1987,Movie,R,hbo
Tokyo Story,1953,Movie,,hbo
Death Note,2006,TV Show,R,hbo
Barry,2018,TV Show,R,hbo
Crazy Rich Asians,2018,Movie,PG-13,hbo
The Philadelphia Story,1940,Movie,,hbo
Fanny and Alexander,1982,Movie,R,hbo
The Searchers,1956,Movie,,hbo
Watchmen,2019,TV Show,R,hbo
Sherlock Holmes: A Game of Shadows,2011,Movie,PG-13,hbo
Le Samouraï,1967,Movie,PG,hbo
Harold and Maude,1971,Movie,PG,hbo
The Conjuring 2,2016,Movie,R,hbo
Les Misérables,2012,Movie,PG-13,hbo
Raising Arizona,1987,Movie,PG-13,hbo
Us,2019,Movie,R,hbo
Die Hard: With a Vengeance,1995,Movie,R,hbo
The Battle of Algiers,1966,Movie,,hbo
Gremlins,1984,Movie,PG,hbo
Bridesmaids,2011,Movie,R,hbo
Succession,2018,TV Show,R,hbo
Whisper of the Heart,1995,Movie,G,hbo
School of Rock,2003,Movie,PG-13,hbo
Rio Bravo,1959,Movie,,hbo
Wings of Desire,1987,Movie,PG-13,hbo
Euphoria,2019,TV Show,R,hbo
Aquaman,2018,Movie,PG-13,hbo
Doctor Who,2005,TV Show,PG,hbo
Nocturnal Animals,2016,Movie,R,hbo
Porco Rosso,1992,Movie,PG,hbo
The Pacific,2010,TV Show,R,hbo
Ray,2004,Movie,PG-13,hbo
Breathless,1960,Movie,,hbo
Chicago,2002,Movie,PG-13,hbo
The Tale of the Princess Kaguya,2013,Movie,PG,hbo
The Wages of Fear,1953,Movie,PG-13,hbo
The Office,2001,TV Show,PG-13,hbo
Tropic Thunder,2008,Movie,R,hbo
The Manchurian Candidate,1962,Movie,PG-13,hbo
The Manchurian Candidate,1962,Movie,PG-13,hbo
The Manchurian Candidate,2004,Movie,R,hbo
The Manchurian Candidate,2004,Movie,R,hbo
Temple Grandin,2010,Movie,PG,hbo
Corpse Bride,2005,Movie,PG,hbo
The Wild Bunch,1969,Movie,R,hbo
The Secret World of Arrietty,2010,Movie,G,hbo
Veep,2012,TV Show,R,hbo
The Normal Heart,2014,Movie,R,hbo
My Left Foot: The Story of Christy Brown,1989,Movie,R,hbo
Fast & Furious Presents: Hobbs & Shaw,2019,Movie,PG-13,hbo
Blindspotting,2018,Movie,R,hbo
Going Clear: Scientology and the Prison of Belief,2015,Movie,,hbo
Rebel Without a Cause,1955,Movie,PG-13,hbo
Notting Hill,1999,Movie,PG-13,hbo
The NeverEnding Story,1984,Movie,PG,hbo
King Kong,1933,Movie,,hbo
Match Point,2005,Movie,R,hbo
The Last Emperor,1987,Movie,PG-13,hbo
Elf,2003,Movie,PG,hbo
An American Werewolf in London,1981,Movie,R,hbo
The Devil's Advocate,1997,Movie,R,hbo
Hoop Dreams,1994,Movie,PG-13,hbo
Lolita,1962,Movie,R,hbo
The 39 Steps,1935,Movie,,hbo
Sharp Objects,2018,TV Show,R,hbo
Eraserhead,1978,Movie,,hbo
Downton Abbey,2019,Movie,PG,hbo
Empire of the Sun,1987,Movie,PG,hbo
Bonnie and Clyde,1967,Movie,R,hbo
Oz,1997,TV Show,R,hbo
Love Actually,2003,Movie,R,hbo
Contagion,2011,Movie,PG-13,hbo
The Passion of Joan of Arc,1928,Movie,,hbo
Throne of Blood,1957,Movie,,hbo
Wallace & Gromit: The Curse of the Were-Rabbit,2005,Movie,G,hbo
The Outsider,2020,TV Show,R,hbo
Batman Returns,1992,Movie,PG-13,hbo
Winter's Bone,2010,Movie,R,hbo
The Wind Rises,2013,Movie,PG-13,hbo
Rise of the Guardians,2012,Movie,PG,hbo
True Blood,2008,TV Show,R,hbo
The Hidden Fortress,1958,Movie,,hbo
Paradise Lost: The Child Murders at Robin Hood Hills,1996,Movie,,hbo
Boys Don't Cry,1999,Movie,R,hbo
Deliverance,1972,Movie,R,hbo
Mrs. Doubtfire,1993,Movie,PG-13,hbo
Stagecoach,1939,Movie,PG,hbo
Cabaret,1972,Movie,PG,hbo
Doom Patrol,2019,TV Show,R,hbo
Die Hard 2,1990,Movie,R,hbo
La Strada,1954,Movie,,hbo
Bringing Up Baby,1938,Movie,,hbo
Three Kings,1999,Movie,R,hbo
Battleship Potemkin,1925,Movie,,hbo
The Newsroom,2012,TV Show,PG-13,hbo
Ad Astra,2019,Movie,PG-13,hbo
Unstoppable,2010,Movie,PG-13,hbo
The Adventures of Robin Hood,1938,Movie,PG,hbo
The Bridges of Madison County,1995,Movie,PG-13,hbo
Anastasia,1997,Movie,G,hbo
A Little Princess,1995,Movie,G,hbo
The Red Shoes,1948,Movie,,hbo
Withnail & I,1987,Movie,R,hbo
Hedwig and the Angry Inch,2001,Movie,R,hbo
Bad Education,2019,Movie,R,hbo
Long Shot,2019,Movie,R,hbo
Michael Clayton,2007,Movie,R,hbo
Yesterday,2019,Movie,PG-13,hbo
Pather Panchali,1955,Movie,,hbo
To Be or Not to Be,1942,Movie,G,hbo
Tampopo,1985,Movie,,hbo
Belle de Jour,1967,Movie,R,hbo
Doctor Zhivago,1965,Movie,PG-13,hbo
Precious,2009,Movie,R,hbo
Good Boys,2019,Movie,R,hbo
Entourage,2004,TV Show,PG-13,hbo
Little Shop of Horrors,1986,Movie,PG-13,hbo
Dangerous Liaisons,1988,Movie,R,hbo
Doubt,2008,Movie,PG-13,hbo
It Chapter Two,2019,Movie,R,hbo
A Hard Day's Night,1964,Movie,G,hbo
Punch-Drunk Love,2002,Movie,R,hbo
From Dusk Till Dawn,1996,Movie,R,hbo
The Man Who Knew Too Much,1956,Movie,PG,hbo
The Player,1992,Movie,R,hbo
Hunter x Hunter,2011,TV Show,PG-13,hbo
Team America: World Police,2004,Movie,R,hbo
Bridge to Terabithia,2007,Movie,PG,hbo
His Dark Materials,2019,TV Show,PG-13,hbo
Police Story,1985,Movie,PG-13,hbo
Pokémon Detective Pikachu,2019,Movie,PG,hbo
The Animatrix,2003,Movie,R,hbo
A Woman Under the Influence,1974,Movie,R,hbo
The Jinx: The Life and Deaths of Robert Durst,2015,TV Show,PG-13,hbo
Freaks,1932,Movie,,hbo
Enemy at the Gates,2001,Movie,R,hbo
Eyes Without a Face,1960,Movie,,hbo
Z,1969,Movie,,hbo
Conspiracy,2001,Movie,R,hbo
Secrets & Lies,1996,Movie,R,hbo
My Brilliant Friend,2018,TV Show,R,hbo
The Adjustment Bureau,2011,Movie,PG-13,hbo
That Thing You Do!,1996,Movie,PG,hbo
Ugetsu,1953,Movie,,hbo
Breaking the Waves,1996,Movie,R,hbo
Hairspray,2007,Movie,PG,hbo
Hairspray,2007,Movie,PG,hbo
Hairspray,1988,Movie,PG,hbo
Hairspray,1988,Movie,PG,hbo
Au Revoir les Enfants,1987,Movie,PG,hbo
Woodstock,1970,Movie,R,hbo
"Rome, Open City",1945,Movie,,hbo
DodgeBall: A True Underdog Story,2004,Movie,PG-13,hbo
Harold & Kumar Go to White Castle,2004,Movie,R,hbo
Through a Glass Darkly,1961,Movie,,hbo
Eastbound & Down,2009,TV Show,R,hbo
Signs,2002,Movie,PG-13,hbo
Flight of the Conchords,2007,TV Show,PG-13,hbo
Years and Years,2019,TV Show,R,hbo
The Circus,1928,Movie,G,hbo
When Marnie Was There,2014,Movie,PG,hbo
The Tale,2018,Movie,R,hbo
A Room with a View,1985,Movie,R,hbo
Rio,2011,Movie,G,hbo
Amarcord,1973,Movie,R,hbo
Three Colors: White,1994,Movie,R,hbo
Before the Devil Knows You're Dead,2007,Movie,R,hbo
Godzilla,1954,Movie,PG,hbo
War Dogs,2016,Movie,R,hbo
The Kids Are All Right,2010,Movie,R,hbo
Paul,2011,Movie,R,hbo
Madagascar,2005,Movie,PG,hbo
Down by Law,1986,Movie,R,hbo
Whose Line Is It Anyway?,1998,TV Show,PG,hbo
American Animals,2018,Movie,R,hbo
Deadwood: The Movie,2019,Movie,R,hbo
Babe,1995,Movie,G,hbo
American Pie,1999,Movie,R,hbo
The Boondocks,2005,TV Show,R,hbo
Brief Encounter,1945,Movie,PG-13,hbo
The Thick of It,2005,TV Show,R,hbo
Friday Night Lights,2004,Movie,PG-13,hbo
The Fresh Prince of Bel-Air,1990,TV Show,PG,hbo
American Splendor,2003,Movie,R,hbo
Bound,1996,Movie,R,hbo
Generation Kill,2008,TV Show,R,hbo
Dead Man,1995,Movie,R,hbo
Of Mice and Men,1992,Movie,PG-13,hbo
Of Mice and Men,1992,Movie,PG-13,hbo
Of Mice and Men,1939,Movie,PG,hbo
Of Mice and Men,1939,Movie,PG,hbo
Vivre Sa Vie,1962,Movie,,hbo
Pretty in Pink,1986,Movie,PG-13,hbo
Capturing the Friedmans,2003,Movie,,hbo
Insecure,2016,TV Show,R,hbo
Madagascar 3: Europe's Most Wanted,2012,Movie,PG,hbo
The Umbrellas of Cherbourg,1964,Movie,PG-13,hbo
Half Nelson,2006,Movie,R,hbo
Safety Last!,1923,Movie,,hbo
Fantastic Planet,1973,Movie,PG,hbo
Hanna,2011,Movie,PG-13,hbo
Giant,1956,Movie,G,hbo
Quantum of Solace,2008,Movie,PG-13,hbo
Blinded by the Light,2019,Movie,PG-13,hbo
Shooter,2007,Movie,R,hbo
What About Bob?,1991,Movie,PG,hbo
L'Avventura,1960,Movie,,hbo
East of Eden,1955,Movie,PG,hbo
Cries and Whispers,1972,Movie,R,hbo
Cléo from 5 to 7,1962,Movie,,hbo
Midnight Special,2016,Movie,PG-13,hbo
The Red Balloon,1956,Movie,,hbo
Loving,2016,Movie,PG-13,hbo
Inside No. 9,2014,TV Show,R,hbo
Jules and Jim,1962,Movie,,hbo
Valkyrie,2008,Movie,PG-13,hbo
Thirteen Days,2000,Movie,PG-13,hbo
Umberto D.,1952,Movie,,hbo
Cobain: Montage of Heck,2015,Movie,R,hbo
Time Bandits,1981,Movie,PG,hbo
Open Range,2003,Movie,R,hbo
Paradise Lost 3: Purgatory,2011,Movie,,hbo
My Dinner with Andre,1981,Movie,PG,hbo
Justice League,2017,Movie,PG-13,hbo
Late Spring,1949,Movie,,hbo
Juice,1992,Movie,R,hbo
The Outsiders,1983,Movie,PG,hbo
John Adams,2008,TV Show,PG-13,hbo
The SpongeBob SquarePants Movie,2004,Movie,PG,hbo
Flipped,2010,Movie,PG,hbo
March of the Penguins,2005,Movie,G,hbo
The Tree of Life,2011,Movie,PG-13,hbo
Stranger Than Paradise,1984,Movie,R,hbo
The Lego Movie 2: The Second Part,2019,Movie,PG,hbo
Chocolat,2000,Movie,PG-13,hbo
Autumn Sonata,1978,Movie,PG,hbo
Armageddon,1998,Movie,PG-13,hbo
Teen Titans,2003,TV Show,PG,hbo
Black Narcissus,1947,Movie,,hbo
Body Heat,1981,Movie,R,hbo
Ali: Fear Eats the Soul,1974,Movie,,hbo
Sophie's Choice,1982,Movie,R,hbo
From Up on Poppy Hill,2011,Movie,PG,hbo
Mr. & Mrs. Smith,2005,Movie,PG-13,hbo
Elevator to the Gallows,1958,Movie,,hbo
Watership Down,1978,Movie,PG,hbo
The Cat Returns,2002,Movie,G,hbo
Mildred Pierce,1945,Movie,,hbo
Mildred Pierce,1945,Movie,,hbo
Mildred Pierce,2011,TV Show,R,hbo
Mildred Pierce,2011,TV Show,R,hbo
Maria Full of Grace,2004,Movie,R,hbo
He Got Game,1998,Movie,R,hbo
Robin Williams: Come Inside My Mind,2018,Movie,R,hbo
Cold Mountain,2003,Movie,R,hbo
A Perfect World,1993,Movie,PG-13,hbo
Death at a Funeral,2007,Movie,R,hbo
Night on Earth,1991,Movie,R,hbo
Gia,1998,Movie,R,hbo
Primal,2019,TV Show,PG-13,hbo
The Deuce,2017,TV Show,R,hbo
Funny Games,1997,Movie,R,hbo
Beauty and the Beast,1946,Movie,,hbo
Babette's Feast,1987,Movie,G,hbo
Batman Beyond: Return of the Joker,2000,Movie,PG-13,hbo
The Alienist,2018,TV Show,R,hbo
My Big Fat Greek Wedding,2002,Movie,PG,hbo
The Cranes Are Flying,1957,Movie,,hbo
An American in Paris,1951,Movie,,hbo
Limelight,1952,Movie,G,hbo
Uncle Buck,1989,Movie,PG,hbo
Buena Vista Social Club,1999,Movie,G,hbo
I Know This Much Is True,2020,TV Show,R,hbo
Birds of Passage,2018,Movie,,hbo
Commando,1985,Movie,R,hbo
The Secret Garden,1993,Movie,G,hbo
Mamma Mia! Here We Go Again,2018,Movie,PG-13,hbo
Batman vs. Robin,2015,Movie,PG-13,hbo
Spielberg,2017,Movie,R,hbo
Picnic at Hanging Rock,1975,Movie,PG,hbo
You've Got Mail,1998,Movie,PG,hbo
Twin Peaks: Fire Walk with Me,1992,Movie,R,hbo
Lady Snowblood,1973,Movie,,hbo
Boy Erased,2018,Movie,R,hbo
Andre the Giant,2018,Movie,PG-13,hbo
The Kite Runner,2007,Movie,PG-13,hbo
The Judge,2014,Movie,R,hbo
You Don't Know Jack,2010,Movie,,hbo
Reds,1981,Movie,PG,hbo
And the Band Played On,1993,Movie,PG-13,hbo
Masculin Féminin,1966,Movie,,hbo
Mommy Dead and Dearest,2017,Movie,R,hbo
My Life as a Dog,1985,Movie,,hbo
Great Expectations,1946,Movie,,hbo
Top Gear,2002,TV Show,PG,hbo
Adam's Rib,1949,Movie,PG,hbo
Gimme Shelter,1970,Movie,R,hbo
McCabe & Mrs. Miller,1971,Movie,R,hbo
Lights Out,2016,Movie,PG-13,hbo
Quadrophenia,1979,Movie,R,hbo
Happy Feet,2006,Movie,PG,hbo
Knife in the Water,1962,Movie,,hbo
Behind the Candelabra,2013,Movie,R,hbo
The O.C.,2003,TV Show,PG-13,hbo
Divorce Italian Style,1961,Movie,,hbo
Opening Night,1977,Movie,PG-13,hbo
Mr. Holland's Opus,1995,Movie,PG,hbo
The Defiant Ones,2017,TV Show,R,hbo
House,1977,Movie,,hbo
Benny & Joon,1993,Movie,PG,hbo
Onibaba,1964,Movie,R,hbo
Kwaidan,1964,Movie,,hbo
Sex and the City,1998,TV Show,R,hbo
Defending Your Life,1991,Movie,PG,hbo
The Thomas Crown Affair,1999,Movie,R,hbo
Batman v Superman: Dawn of Justice,2016,Movie,PG-13,hbo
Mon Oncle,1958,Movie,,hbo
The Marriage of Maria Braun,1979,Movie,R,hbo
The Frighteners,1996,Movie,R,hbo
Ballers,2015,TV Show,R,hbo
The Crash Reel,2013,Movie,,hbo
The Art of Racing in the Rain,2019,Movie,PG,hbo
Some Kind of Wonderful,1987,Movie,PG-13,hbo
My Night at Maud's,1969,Movie,PG,hbo
Lone Wolf and Cub: Baby Cart at the River Styx,1972,Movie,,hbo
Angels in America,2003,TV Show,R,hbo
The Good Liar,2019,Movie,R,hbo
Veronica Mars,2014,Movie,PG-13,hbo
Gavin & Stacey,2007,TV Show,PG-13,hbo
An Officer and a Gentleman,1982,Movie,R,hbo
Monsieur Hulot's Holiday,1953,Movie,,hbo
Vampyr,1932,Movie,PG-13,hbo
Splendor in the Grass,1961,Movie,,hbo
Foreign Correspondent,1940,Movie,,hbo
Harlan County U.S.A.,1976,Movie,PG,hbo
Dolores Claiborne,1995,Movie,R,hbo
All the Way,2016,Movie,PG-13,hbo
F for Fake,1975,Movie,PG,hbo
"Now, Voyager",1942,Movie,,hbo
The Shop on Main Street,1965,Movie,PG,hbo
Monsters vs Aliens,2009,Movie,PG,hbo
Man Bites Dog,1992,Movie,R,hbo
Orpheus,1950,Movie,,hbo
Secondhand Lions,2003,Movie,PG,hbo
Emma,2009,TV Show,PG,hbo
Emma,2009,TV Show,PG,hbo
Emma,1996,Movie,PG,hbo
Emma,1996,Movie,PG,hbo
Monsieur Verdoux,1947,Movie,,hbo
Dragged Across Concrete,2019,Movie,R,hbo
Looking,2014,TV Show,R,hbo
The Young Girls of Rochefort,1967,Movie,G,hbo
Grey Gardens,1976,Movie,PG,hbo
Grey Gardens,1976,Movie,PG,hbo
Grey Gardens,2009,Movie,PG,hbo
Grey Gardens,2009,Movie,PG,hbo
Godzilla: King of the Monsters,2019,Movie,PG-13,hbo
Point Blank,1967,Movie,,hbo
The Last Unicorn,1982,Movie,G,hbo
Pom Poko,1994,Movie,PG-13,hbo
Living in Oblivion,1995,Movie,R,hbo
61*,2001,Movie,R,hbo
Muriel's Wedding,1994,Movie,R,hbo
The Most Dangerous Game,1932,Movie,PG-13,hbo
Crimson Peak,2015,Movie,R,hbo
I Am Sam,2001,Movie,PG-13,hbo
Gentleman Jack,2019,TV Show,R,hbo
Another Earth,2011,Movie,PG-13,hbo
La Notte,1961,Movie,,hbo
Out of Africa,1985,Movie,PG,hbo
Citizen X,1995,Movie,R,hbo
Looking: The Movie,2016,Movie,R,hbo
The Testament of Dr. Mabuse,1933,Movie,,hbo
Home Alone 2: Lost in New York,1992,Movie,PG,hbo
4 Little Girls,1997,Movie,PG-13,hbo
Biutiful,2010,Movie,R,hbo
In a World...,2013,Movie,R,hbo
The Island,2005,Movie,PG-13,hbo
The Bucket List,2007,Movie,PG-13,hbo
For All Mankind,1989,Movie,,hbo
Taste of Cherry,1997,Movie,,hbo
Like Water for Chocolate,1992,Movie,R,hbo
The Earrings of Madame de...,1953,Movie,,hbo
Arthur,1981,Movie,PG,hbo
Dune,1984,Movie,PG-13,hbo
Red Desert,1964,Movie,,hbo
The Last Seduction,1994,Movie,R,hbo
The Righteous Gemstones,2019,TV Show,R,hbo
Klute,1971,Movie,R,hbo
Shoot the Piano Player,1960,Movie,,hbo
Dont Look Back,1967,Movie,,hbo
Vice Principals,2016,TV Show,R,hbo
Carnival of Souls,1962,Movie,PG,hbo
Adventures in Babysitting,1987,Movie,PG-13,hbo
Ashes and Diamonds,1958,Movie,,hbo
Thunderbolt and Lightfoot,1974,Movie,R,hbo
The Client,1994,Movie,PG-13,hbo
Magnum Force,1973,Movie,R,hbo
The Parallax View,1974,Movie,R,hbo
Girls,2012,TV Show,R,hbo
The Thief of Bagdad,1940,Movie,,hbo
Tom and Jerry,1940,TV Show,G,hbo
Weird Science,1985,Movie,PG-13,hbo
Storks,2016,Movie,PG,hbo
Eve's Bayou,1997,Movie,R,hbo
Chimes at Midnight,1965,Movie,,hbo
American Pie 2,2001,Movie,R,hbo
Suicide Squad,2016,Movie,PG-13,hbo
Samurai Jack,2001,TV Show,PG-13,hbo
Oliver Twist,1948,Movie,,hbo
Europa,1991,Movie,R,hbo
Fantastic Beasts: The Crimes of Grindelwald,2018,Movie,PG-13,hbo
Regular Show,2010,TV Show,PG,hbo
Treme,2010,TV Show,R,hbo
Steven Universe,2013,TV Show,PG,hbo
The Tin Drum,1979,Movie,R,hbo
The Phantom of the Opera,2004,Movie,PG-13,hbo
She's the Man,2006,Movie,PG-13,hbo
Germany Year Zero,1948,Movie,,hbo
Much Ado About Nothing,2012,Movie,PG-13,hbo
Sabotage,1937,Movie,,hbo
A Walk to Remember,2002,Movie,PG,hbo
Häxan,1922,Movie,,hbo
The Times of Harvey Milk,1984,Movie,,hbo
Victim,1961,Movie,,hbo
Rosewood,1997,Movie,R,hbo
Cronos,1993,Movie,R,hbo
Pandora's Box,1929,Movie,PG-13,hbo
The Official Story,1985,Movie,R,hbo
Teenage Mutant Ninja Turtles,1990,Movie,PG,hbo
U-571,2000,Movie,PG-13,hbo
Hamlet,1948,Movie,,hbo
Analyze This,1999,Movie,R,hbo
Bright Lights: Starring Carrie Fisher and Debbie Reynolds,2016,Movie,PG-13,hbo
City of Angels,1998,Movie,PG-13,hbo
The Stranger,1991,Movie,,hbo
Wit,2001,Movie,PG-13,hbo
Smallfoot,2018,Movie,PG,hbo
How to Lose a Guy in 10 Days,2003,Movie,PG-13,hbo
Bridget Jones's Baby,2016,Movie,R,hbo
Love in the Afternoon,1972,Movie,R,hbo
Home Movies,1999,TV Show,PG,hbo
Gold Diggers of 1933,1933,Movie,,hbo
Monterey Pop,1968,Movie,,hbo
Momentum Generation,2018,Movie,PG-13,hbo
Water for Elephants,2011,Movie,PG-13,hbo
Magic Mike,2012,Movie,R,hbo
Wallander,2008,TV Show,PG,hbo
Search Party,2016,TV Show,R,hbo
King in the Wilderness,2018,Movie,PG-13,hbo
Metropolitan,1990,Movie,PG-13,hbo
Presumed Innocent,1990,Movie,R,hbo
The Plot Against America,2020,TV Show,R,hbo
Black Orpheus,1959,Movie,PG,hbo
Linda Ronstadt: The Sound of My Voice,2019,Movie,PG-13,hbo
Shadows,1959,Movie,PG,hbo
Shadows,1959,Movie,PG,hbo
Shadows,2014,TV Show,R,hbo
Shadows,2014,TV Show,R,hbo
Mea Maxima Culpa: Silence in the House of God,2012,Movie,PG-13,hbo
Mona Lisa,1986,Movie,R,hbo
Shock Corridor,1963,Movie,,hbo
Teen Titans: The Judas Contract,2017,Movie,PG-13,hbo
Police Academy,1984,Movie,R,hbo
L'Argent,1983,Movie,,hbo
Final Destination,2000,Movie,R,hbo
Weekend,1967,Movie,R,hbo
Lone Wolf and Cub: Sword of Vengeance,1972,Movie,,hbo
Scanners,1981,Movie,R,hbo
The Sisterhood of the Traveling Pants,2005,Movie,PG,hbo
Lean On Me,1989,Movie,PG-13,hbo
Set It Off,1996,Movie,R,hbo
42nd Street,1933,Movie,,hbo
Late Autumn,1960,Movie,,hbo
In Treatment,2008,TV Show,R,hbo
A Nightmare on Elm Street 3: Dream Warriors,1987,Movie,R,hbo
Revanche,2008,Movie,,hbo
Nanook of the North,1922,Movie,,hbo
Any Given Sunday,1999,Movie,R,hbo
The Witches of Eastwick,1987,Movie,R,hbo
The Bitter Tears of Petra von Kant,1972,Movie,,hbo
Shaft,2019,Movie,R,hbo
White Light/Black Rain: The Destruction of Hiroshima and Nagasaki,2007,Movie,,hbo
Bored to Death,2009,TV Show,R,hbo
Miss Pettigrew Lives for a Day,2008,Movie,PG-13,hbo
Show Me a Hero,2015,TV Show,R,hbo
Salesman,1969,Movie,G,hbo
I Love You Phillip Morris,2009,Movie,R,hbo
The Hitcher,1986,Movie,R,hbo
Hobson's Choice,1954,Movie,,hbo
ERASED,2016,TV Show,PG-13,hbo
Every Brilliant Thing,2016,Movie,,hbo
Faces,1968,Movie,PG-13,hbo
The Hangover Part II,2011,Movie,R,hbo
Life,1999,Movie,R,hbo
Mr. Show with Bob and David,1995,TV Show,R,hbo
"Batman: The Dark Knight Returns, Part 2",2013,Movie,PG-13,hbo
Pépé le Moko,1937,Movie,,hbo
Western Stars,2019,Movie,PG,hbo
Desert Hearts,1985,Movie,R,hbo
A Day in the Country,1946,Movie,,hbo
High Maintenance,2016,TV Show,R,hbo
High Maintenance,2016,TV Show,R,hbo
High Maintenance,2012,TV Show,R,hbo
High Maintenance,2012,TV Show,R,hbo
An Angel at My Table,1990,Movie,R,hbo
Annabelle Comes Home,2019,Movie,R,hbo
Heaven Can Wait,1978,Movie,PG,hbo
American Wedding,2003,Movie,R,hbo
The Closer,2005,TV Show,PG-13,hbo
A Patch of Blue,1965,Movie,,hbo
Selena,1997,Movie,PG,hbo
Footlight Parade,1933,Movie,G,hbo
Tie Me Up! Tie Me Down!,1989,Movie,R,hbo
Love Jones,1997,Movie,R,hbo
In Her Shoes,2005,Movie,PG-13,hbo
Gremlins 2: The New Batch,1990,Movie,PG-13,hbo
The Amazing World of Gumball,2011,TV Show,PG,hbo
The Scheme,2020,Movie,,hbo
Paradise Lost 2: Revelations,2000,Movie,,hbo
The Inventor: Out for Blood in Silicon Valley,2019,Movie,PG-13,hbo
Life According to Sam,2013,Movie,G,hbo
The Nun's Story,1959,Movie,,hbo
Your Lie in April,2014,TV Show,PG,hbo
Stuber,2019,Movie,R,hbo
The Naked Kiss,1964,Movie,,hbo
River's Edge,1986,Movie,R,hbo
Robot Chicken,2005,TV Show,R,hbo
Game Change,2012,Movie,R,hbo
What Women Want,2000,Movie,PG-13,hbo
Daisies,1966,Movie,,hbo
The Larry Sanders Show,1992,TV Show,R,hbo
The Brood,1979,Movie,R,hbo
Legendary,2020,TV Show,,hbo
The Naked City,1948,Movie,,hbo
We Are Marshall,2006,Movie,PG,hbo
The Last Metro,1980,Movie,PG,hbo
The Young Pope,2016,TV Show,PG,hbo
McMillion$,2020,TV Show,PG-13,hbo
Lola,1981,Movie,R,hbo
We're Here,2020,TV Show,R,hbo
How the West Was Won,1962,Movie,G,hbo
American Woman,2019,Movie,R,hbo
Batman: Gotham Knight,2008,Movie,PG-13,hbo
Something Wild,1986,Movie,R,hbo
Pearl Harbor,2001,Movie,PG-13,hbo
Sesame Street,1969,TV Show,G,hbo
Flirting with Disaster,1996,Movie,R,hbo
Woman of the Year,1942,Movie,,hbo
Sisters,1973,Movie,R,hbo
Jane Fonda in Five Acts,2018,Movie,PG-13,hbo
Journey to Italy,1954,Movie,,hbo
Hunter Killer,2018,Movie,R,hbo
Becoming Jane,2007,Movie,PG,hbo
X-Men: Dark Phoenix,2019,Movie,PG-13,hbo
Brute Force,1947,Movie,,hbo
The Kid Who Would Be King,2019,Movie,PG,hbo
Pet Sematary,1989,Movie,R,hbo
A Brief History of Time,1991,Movie,G,hbo
Breakthrough,2019,Movie,PG,hbo
Breakthrough,2019,Movie,PG,hbo
Breakthrough,2015,TV Show,PG-13,hbo
Breakthrough,2015,TV Show,PG-13,hbo
Perry Mason,2020,TV Show,R,hbo
Too Big to Fail,2011,Movie,R,hbo
Tolkien,2019,Movie,PG-13,hbo
"Scooby-Doo, Where Are You?",1969,TV Show,G,hbo
Frantic,1988,Movie,R,hbo
New Nightmare,1994,Movie,R,hbo
The Lodger: A Story of the London Fog,1927,Movie,,hbo
Running on Empty,1988,Movie,PG-13,hbo
Patch Adams,1998,Movie,PG-13,hbo
Pygmalion,1939,Movie,,hbo
Juliet of the Spirits,1965,Movie,,hbo
All of Me,1984,Movie,PG,hbo
Shall We Dance,1937,Movie,,hbo
The Wizard of Lies,2017,Movie,R,hbo
Due Date,2010,Movie,R,hbo
Starter for 10,2006,Movie,PG-13,hbo
Indignation,2016,Movie,R,hbo
Affliction,1997,Movie,R,hbo
Love Life,2020,TV Show,R,hbo
Enemy Mine,1985,Movie,PG-13,hbo
Kiki's Delivery Service,1989,Movie,G,hbo
Sawdust and Tinsel,1953,Movie,,hbo
The Price of Everything,2018,Movie,PG-13,hbo
Carnivàle,2003,TV Show,R,hbo
Space Cowboys,2000,Movie,PG-13,hbo
Recount,2008,Movie,R,hbo
Speedy,1928,Movie,PG,hbo
My Neighbors the Yamadas,1999,Movie,PG,hbo
Brexit: The Uncivil War,2019,Movie,PG-13,hbo
El Norte,1983,Movie,R,hbo
Elvis: That's the Way It Is,1970,Movie,PG,hbo
The Time Traveler's Wife,2009,Movie,PG-13,hbo
Whitechapel,2009,TV Show,PG,hbo
The Cold Blue,2018,Movie,PG,hbo
Lord of the Flies,1963,Movie,PG-13,hbo
Fox and His Friends,1975,Movie,,hbo
The Pelican Brief,1993,Movie,PG-13,hbo
Vinyl,2016,TV Show,R,hbo
A Taste of Honey,1961,Movie,,hbo
Grandma's Boy,2006,Movie,R,hbo
Longford,2006,Movie,R,hbo
The Ruling Class,1972,Movie,PG,hbo
Mikey and Nicky,1976,Movie,R,hbo
"3 ½ Minutes, 10 Bullets",2015,Movie,R,hbo
Aqua Teen Hunger Force,2000,TV Show,PG-13,hbo
The Tuskegee Airmen,1995,Movie,PG-13,hbo
Intolerable Cruelty,2003,Movie,PG-13,hbo
The Gathering Storm,2002,Movie,G,hbo
Valentine Road,2013,Movie,PG-13,hbo
Which Way Home,2009,Movie,,hbo
The Song Remains the Same,1976,Movie,PG,hbo
Togetherness,2015,TV Show,R,hbo
The Loving Story,2011,Movie,,hbo
Henry V,1944,Movie,,hbo
Crashing,2017,TV Show,R,hbo
Dick Tracy,1990,Movie,PG,hbo
Can't Buy Me Love,1987,Movie,PG-13,hbo
Mrs. Fletcher,2019,TV Show,R,hbo
Stakeout,1987,Movie,R,hbo
I Married a Witch,1942,Movie,,hbo
The Four Feathers,1939,Movie,,hbo
Hostel,2006,Movie,R,hbo
Scener ur ett äktenskap,1973,Movie,PG,hbo
Ben 10,2005,TV Show,PG,hbo
Ben 10,2005,TV Show,PG,hbo
Ben 10,2016,TV Show,PG,hbo
Ben 10,2016,TV Show,PG,hbo
Cries from Syria,2017,Movie,R,hbo
Young and Innocent,1937,Movie,,hbo
Glass,2019,Movie,PG-13,hbo
Craig of the Creek,2018,TV Show,PG,hbo
The Heiresses,2018,Movie,,hbo
Torchwood,2006,TV Show,R,hbo
Final Destination 2,2003,Movie,R,hbo
Bicentennial Man,1999,Movie,PG,hbo
Big Love,2006,TV Show,R,hbo
Ma,2019,Movie,R,hbo
Scoob!,2020,Movie,PG,hbo
My Dinner with Hervé,2018,Movie,R,hbo
RUN,2020,TV Show,R,hbo
The Case Against 8,2014,Movie,PG-13,hbo
Dexter's Laboratory,1996,TV Show,G,hbo
Legend of the Guardians: The Owls of Ga'Hoole,2010,Movie,PG,hbo
El Angel,2018,Movie,,hbo
Tokyo Olympiad,1965,Movie,,hbo
Transformers: Revenge of the Fallen,2009,Movie,PG-13,hbo
Impractical Jokers,2011,TV Show,PG-13,hbo
The Laramie Project,2002,Movie,PG-13,hbo
The War Room,1993,Movie,PG,hbo
Ella Enchanted,2004,Movie,PG,hbo
Cowboys & Aliens,2011,Movie,PG-13,hbo
An Ideal Husband,1999,Movie,PG-13,hbo
The New Pope,2020,TV Show,R,hbo
The Merchant of Venice,2004,Movie,R,hbo
Blast from the Past,1999,Movie,PG-13,hbo
The Loneliness of the Long Distance Runner,1962,Movie,,hbo
Sweet Dreams,1985,Movie,PG-13,hbo
Summertime,1955,Movie,,hbo
Spanglish,2004,Movie,PG-13,hbo
The Last Wave,1977,Movie,PG,hbo
Enlightened,2011,TV Show,R,hbo
Anthony Bourdain: Parts Unknown,2013,TV Show,PG,hbo
Frankie and Johnny,1991,Movie,R,hbo
Far and Away,1992,Movie,PG-13,hbo
Jane Eyre,2006,TV Show,PG,hbo
The Shooting,1966,Movie,G,hbo
Avenue 5,2020,TV Show,R,hbo
Proof,2005,Movie,PG-13,hbo
Mothra vs. Godzilla,1964,Movie,,hbo
The Lovely Bones,2009,Movie,PG-13,hbo
The Hobbit,1977,Movie,PG,hbo
Hackers,1995,Movie,PG-13,hbo
Eagle Eye,2008,Movie,PG-13,hbo
Ice on Fire,2019,Movie,PG,hbo
Rocket Science,2007,Movie,R,hbo
Multiple Maniacs,1970,Movie,,hbo
The Confirmation,2016,Movie,PG-13,hbo
Bessie,2015,Movie,R,hbo
Richard III,1955,Movie,,hbo
Senso,1954,Movie,,hbo
Looney Tunes Cartoons,2020,TV Show,PG,hbo
Sgt. Stubby: An American Hero,2018,Movie,PG,hbo
That Hamilton Woman,1941,Movie,,hbo
The American,2010,Movie,R,hbo
La Ciénaga,2001,Movie,R,hbo
I Am Evidence,2017,Movie,R,hbo
The Losers,2010,Movie,PG-13,hbo
Rock 'n' Roll High School,1979,Movie,PG,hbo
Cellular,2004,Movie,PG-13,hbo
This Means War,2012,Movie,PG-13,hbo
Everything Is Copy,2015,Movie,PG-13,hbo
The Private Life of Henry VIII,1933,Movie,,hbo
Irma Vep,1996,Movie,,hbo
Taking Chance,2009,Movie,,hbo
Thin,2006,Movie,PG-13,hbo
After Truth: Disinformation and the Cost of Fake News,2020,Movie,R,hbo
The Postman Always Rings Twice,1981,Movie,R,hbo
2 or 3 Things I Know About Her,1967,Movie,,hbo
The Long Voyage Home,1940,Movie,,hbo
Save the Last Dance,2001,Movie,PG-13,hbo
King Arthur,2004,Movie,PG-13,hbo
Devil,2010,Movie,PG-13,hbo
Real Women Have Curves,2002,Movie,PG-13,hbo
Men of a Certain Age,2009,TV Show,R,hbo
The Family Stone,2005,Movie,PG-13,hbo
The Comeback,2005,TV Show,R,hbo
We Bare Bears,2015,TV Show,PG,hbo
The Replacements,2000,Movie,PG-13,hbo
Pandorum,2009,Movie,R,hbo
Jim: The James Foley Story,2016,Movie,R,hbo
Kill la Kill,2013,TV Show,R,hbo
Last Holiday,2006,Movie,PG-13,hbo
Mapplethorpe: Look at the Pictures,2016,Movie,R,hbo
Wimbledon,2004,Movie,PG-13,hbo
Hung,2009,TV Show,R,hbo
The Jungle Book,1994,Movie,PG,hbo
The Lost Honor of Katharina Blum,1975,Movie,R,hbo
The River,1951,Movie,,hbo
The River,1951,Movie,,hbo
The River,2018,Movie,,hbo
The River,2018,Movie,,hbo
Practical Magic,1998,Movie,PG-13,hbo
Six by Sondheim,2013,Movie,,hbo
Banksy Does New York,2014,Movie,,hbo
Olive Kitteridge,2014,TV Show,R,hbo
Our Man Flint,1966,Movie,,hbo
Our Boys,2019,TV Show,R,hbo
My Dog Skip,2000,Movie,PG,hbo
Yuli,2018,Movie,,hbo
How to Make It in America,2010,TV Show,R,hbo
Twist of Faith,2005,Movie,R,hbo
For Love of the Game,1999,Movie,PG-13,hbo
Metalocalypse,2006,TV Show,R,hbo
Eating Raoul,1982,Movie,R,hbo
The Mighty Ducks,1992,Movie,PG,hbo
The Secret of My Success,1987,Movie,PG-13,hbo
Seance on a Wet Afternoon,1964,Movie,,hbo
Galveston,2018,Movie,,hbo
Into the Arms of Strangers: Stories of the Kindertransport,2000,Movie,PG-13,hbo
One Fine Day,1996,Movie,PG,hbo
Edge of Darkness,2010,Movie,R,hbo
Real Time with Bill Maher,2003,TV Show,R,hbo
Breslin and Hamill: Deadline Artists,2018,Movie,PG,hbo
Ulee's Gold,1997,Movie,R,hbo
Snatchers,2019,Movie,R,hbo
Heart and Souls,1993,Movie,PG-13,hbo
The Flintstones,1960,TV Show,G,hbo
The Flintstones,1960,TV Show,G,hbo
The Flintstones,1994,Movie,PG,hbo
The Flintstones,1994,Movie,PG,hbo
David Bowie: The Last Five Years,2017,Movie,PG-13,hbo
Petra,2018,Movie,R,hbo
Teeth,2008,Movie,R,hbo
Batman: The Killing Joke,2016,Movie,R,hbo
Ben 10: Ultimate Alien,2010,TV Show,PG,hbo
The Brink,2015,TV Show,R,hbo
Walking and Talking,1996,Movie,R,hbo
Johnny English,2003,Movie,PG,hbo
KonoSuba – God’s blessing on this wonderful world!!,2016,TV Show,PG-13,hbo
Ghosts of Abu Ghraib,2007,Movie,R,hbo
Broken Arrow,1996,Movie,R,hbo
A Perfect Murder,1998,Movie,R,hbo
An Unexpected Love,2018,Movie,PG-13,hbo
Deep Blue Sea,1999,Movie,R,hbo
War of the Worlds,2005,Movie,PG-13,hbo
Twins,1988,Movie,PG,hbo
Rock Star,2001,Movie,R,hbo
Ben 10: Alien Force,2008,TV Show,PG,hbo
Infamous,2006,Movie,R,hbo
Tom Jones,1963,Movie,,hbo
Two Weeks Notice,2002,Movie,PG-13,hbo
Final Destination 3,2006,Movie,R,hbo
"Godzilla, King of the Monsters!",1956,Movie,,hbo
The Hunger,1983,Movie,R,hbo
Look Back in Anger,1959,Movie,PG,hbo
Wattstax,1973,Movie,R,hbo
The Little Rascals,1994,Movie,PG,hbo
Her Smell,2018,Movie,R,hbo
Mr. Arkadin,1955,Movie,PG,hbo
In a Valley of Violence,2016,Movie,R,hbo
The Scarlet Pimpernel,1934,Movie,,hbo
Frequently Asked Questions About Time Travel,2009,Movie,PG-13,hbo
Speed Racer,2008,Movie,PG,hbo
Natalie Wood: What Remains Behind,2020,Movie,PG,hbo
Mona Lisa Smile,2003,Movie,PG-13,hbo
Exodus,1960,Movie,,hbo
Johnny English Strikes Again,2018,Movie,PG,hbo
Lola Montès,1955,Movie,,hbo
Green Lantern,2011,Movie,PG-13,hbo
Stromboli,1950,Movie,,hbo
Jaws 2,1978,Movie,PG,hbo
Miss Bala,2011,Movie,R,hbo
My Brilliant Career,1979,Movie,G,hbo
Major Crimes,2012,TV Show,PG-13,hbo
Bedazzled,2000,Movie,PG-13,hbo
The Blob,1958,Movie,,hbo
The Powerpuff Girls,1998,TV Show,PG,hbo
The Powerpuff Girls,1998,TV Show,PG,hbo
The Powerpuff Girls,2016,TV Show,PG,hbo
The Powerpuff Girls,2016,TV Show,PG,hbo
Fat Girl,2001,Movie,,hbo
U.S. Marshals,1998,Movie,PG-13,hbo
Life's Too Short,2011,TV Show,PG-13,hbo
The Night Porter,1974,Movie,R,hbo
The Sisterhood of the Traveling Pants 2,2008,Movie,PG-13,hbo
John Tucker Must Die,2006,Movie,PG-13,hbo
Pure Country,1992,Movie,PG,hbo
Spawn,1997,TV Show,R,hbo
Mr. Popper's Penguins,2011,Movie,PG,hbo
Planet of the Apes,2001,Movie,PG-13,hbo
Destroy All Monsters,1968,Movie,G,hbo
Sweetie,1989,Movie,R,hbo
Hummingbird,2013,Movie,R,hbo
The Lady Vanishes,1938,Movie,,hbo
Van Helsing,2004,Movie,PG-13,hbo
Batwoman,2019,TV Show,PG-13,hbo
Two English Girls,1971,Movie,,hbo
Beforeigners,2019,TV Show,,hbo
The Special Relationship,2010,Movie,PG-13,hbo
Harsh Times,2005,Movie,R,hbo
The Indian in the Cupboard,1995,Movie,PG,hbo
Lifeforce,1985,Movie,R,hbo
Teenage Mutant Ninja Turtles II: The Secret of the Ooze,1991,Movie,PG,hbo
Ricochet,1991,Movie,R,hbo
Pat and Mike,1952,Movie,,hbo
Greenberg,2010,Movie,R,hbo
Class Divide,2016,Movie,PG,hbo
Clash of the Titans,2010,Movie,PG-13,hbo
Beware the Slenderman,2016,Movie,PG-13,hbo
Wise Blood,1980,Movie,PG,hbo
Accused,2018,Movie,R,hbo
Unfriended,2015,Movie,R,hbo
The Honeymoon Killers,1970,Movie,R,hbo
Getting On,2013,TV Show,R,hbo
Happy Feet Two,2011,Movie,PG,hbo
Little Boy,2015,Movie,PG-13,hbo
Scott & Bailey,2011,TV Show,PG,hbo
Foster's Home for Imaginary Friends,2004,TV Show,PG,hbo
Atlanta's Missing and Murdered: The Lost Children,2020,TV Show,R,hbo
Batman Forever,1995,Movie,PG-13,hbo
Astro Boy,2009,Movie,PG,hbo
Aquamarine,2006,Movie,PG,hbo
Freddy vs. Jason,2003,Movie,R,hbo
A King in New York,1957,Movie,G,hbo
TMNT,2007,Movie,PG,hbo
"If You're Not In The Obit, Eat Breakfast",2017,Movie,PG-13,hbo
The Russia House,1990,Movie,R,hbo
Knuckleball!,2012,Movie,,hbo
Adam Ruins Everything,2015,TV Show,PG-13,hbo
A Woman of Paris: A Drama of Fate,1923,Movie,,hbo
Tell Me You Love Me,2007,TV Show,R,hbo
Intermezzo: A Love Story,1939,Movie,,hbo
Blithe Spirit,1945,Movie,,hbo
No Reservations,2007,Movie,PG,hbo
I'm Alan Partridge,1997,TV Show,R,hbo
At Home with Amy Sedaris,2017,TV Show,R,hbo
Baltimore Rising,2017,Movie,R,hbo
Osaka Elegy,1936,Movie,,hbo
Bastille Day,2016,Movie,R,hbo
Unlawful Entry,1992,Movie,R,hbo
Diego Maradona,2019,Movie,PG-13,hbo
Nancy Drew,2019,TV Show,PG-13,hbo
The Apollo,2019,Movie,PG,hbo
The Daytrippers,1996,Movie,R,hbo
Scary Movie 3,2003,Movie,R,hbo
Jersey Girl,2004,Movie,PG-13,hbo
Little Giants,1994,Movie,PG,hbo
Flicka,2006,Movie,PG,hbo
The Sentence,2018,Movie,PG,hbo
Los Espookys,2019,TV Show,R,hbo
Unfriended: Dark Web,2018,Movie,R,hbo
Golden Life,2015,TV Show,R,hbo
Game of Thrones: The Last Watch,2019,Movie,R,hbo
Tales from Earthsea,2006,Movie,PG-13,hbo
Last Chance Harvey,2008,Movie,PG-13,hbo
Ghosts,2019,TV Show,,hbo
Along Came Polly,2004,Movie,PG-13,hbo
First Cousin Once Removed,2012,Movie,,hbo
Imaginary Heroes,2004,Movie,R,hbo
Coyote Lake,2019,Movie,R,hbo
Querelle,1982,Movie,R,hbo
The Jetsons,1962,TV Show,PG,hbo
Regarding Henry,1991,Movie,PG-13,hbo
Looney Tunes: Back in Action,2003,Movie,PG,hbo
Atomic Homefront,2017,Movie,,hbo
Cake,2014,Movie,R,hbo
The Honourable Woman,2014,TV Show,R,hbo
AVP: Alien vs. Predator,2004,Movie,PG-13,hbo
The Dead Pool,1988,Movie,R,hbo
O.G.,2018,Movie,R,hbo
Animals.,2016,TV Show,R,hbo
Godzilla vs. Mechagodzilla,1974,Movie,G,hbo
Eraser,1996,Movie,R,hbo
Icebox,2018,Movie,PG-13,hbo
The Testament of Sister New Devil,2015,TV Show,R,hbo
Against the Wall,1994,Movie,R,hbo
The Great Gilly Hopkins,2015,Movie,PG,hbo
Child's Play 2,1990,Movie,R,hbo
Under the Volcano,1984,Movie,R,hbo
A Boy Called Sailboat,2018,Movie,,hbo
Tacoma FD,2019,TV Show,PG-13,hbo
Room 104,2017,TV Show,R,hbo
The Looney Tunes Show,2011,TV Show,PG,hbo
CB4,1993,Movie,R,hbo
MADtv,1995,TV Show,PG-13,hbo
Tower of God,2020,TV Show,PG,hbo
Nancy Drew and the Hidden Staircase,2019,Movie,PG,hbo
Betty,2020,TV Show,R,hbo
Say Her Name: The Life and Death of Sandra Bland,2018,Movie,R,hbo
Green Card,1990,Movie,PG-13,hbo
Something the Lord Made,2004,Movie,PG,hbo
Critters,1986,Movie,PG-13,hbo
Cat People,1982,Movie,R,hbo
Gamer,2009,Movie,R,hbo
Gold Diggers of 1935,1935,Movie,G,hbo
At the Heart of Gold: Inside the USA Gymnastics Scandal,2019,Movie,PG-13,hbo
Divorce,2016,TV Show,PG-13,hbo
The Good Son,1993,Movie,R,hbo
...And God Created Woman,1956,Movie,PG,hbo
DCI Banks,2011,TV Show,R,hbo
Schizopolis,1996,Movie,,hbo
The World Between Us,2019,TV Show,,hbo
Moonlight Mile,2002,Movie,PG-13,hbo
The Pacifier,2005,Movie,PG,hbo
Hellboy,2019,Movie,R,hbo
The Kitchen,2019,Movie,PG-13,hbo
The Hot Chick,2002,Movie,PG-13,hbo
Scooby-Doo,2002,Movie,PG,hbo
Teen Witch,1989,Movie,PG-13,hbo
Hall Pass,2011,Movie,R,hbo
"Ghidorah, the Three-Headed Monster",1964,Movie,,hbo
Ben 10: Omniverse,2012,TV Show,PG,hbo
From the Earth to the Moon,1998,TV Show,PG,hbo
Beware the Batman,2013,TV Show,PG,hbo
Piranha,1978,Movie,R,hbo
Gunpowder,2017,TV Show,R,hbo
Hello Ladies,2013,TV Show,R,hbo
The Ringer,2005,Movie,PG-13,hbo
Freeheld,2015,Movie,PG-13,hbo
The Sylvester & Tweety Mysteries,1995,TV Show,G,hbo
The Immortal Life of Henrietta Lacks,2017,Movie,R,hbo
The Trial of Joan of Arc,1962,Movie,,hbo
Clear History,2013,Movie,R,hbo
Bungo Stray Dogs,2016,TV Show,R,hbo
Jobs,2013,Movie,PG-13,hbo
The Fades,2011,TV Show,R,hbo
They Came Together,2014,Movie,R,hbo
Thought Crimes,2015,Movie,R,hbo
Wild Hogs,2007,Movie,PG-13,hbo
Heaven & Earth,1993,Movie,R,hbo
Failure to Launch,2006,Movie,PG-13,hbo
Babe: Pig in the City,1998,Movie,G,hbo
In Like Flint,1967,Movie,,hbo
Josie and the Pussycats,2001,Movie,PG-13,hbo
Josie and the Pussycats,2001,Movie,PG-13,hbo
Josie and the Pussycats,1970,TV Show,G,hbo
Josie and the Pussycats,1970,TV Show,G,hbo
Family Tree,2013,TV Show,R,hbo
Jonny Quest,1964,TV Show,PG,hbo
Smithereens,1982,Movie,R,hbo
Stuart: A Life Backwards,2007,Movie,R,hbo
The Nun,2018,Movie,R,hbo
Glee: The Concert Movie,2011,Movie,PG,hbo
Moonlight Sonata: Deafness in Three Movements,2019,Movie,,hbo
The 3 Penny Opera,1931,Movie,,hbo
Cannery Row,1982,Movie,PG,hbo
The Front Page,1931,Movie,PG,hbo
Being Erica,2009,TV Show,PG-13,hbo
Jubilee,1978,Movie,,hbo
A Nightmare on Elm Street 4: The Dream Master,1988,Movie,R,hbo
The Champ,1979,Movie,PG,hbo
The Aftermath,2019,Movie,PG-13,hbo
The Entertainer,1960,Movie,,hbo
Parade's End,2012,TV Show,R,hbo
Space Ghost Coast to Coast,1994,TV Show,PG-13,hbo
Sky High,2005,Movie,PG,hbo
Suited,2016,Movie,PG-13,hbo
Paterno,2018,Movie,R,hbo
Ocean Waves,1993,Movie,PG,hbo
The Final Year,2018,Movie,,hbo
Someone Like You...,2001,Movie,PG-13,hbo
Monte Carlo,2011,Movie,PG,hbo
D2: The Mighty Ducks,1994,Movie,PG,hbo
The Sunset Limited,2011,Movie,R,hbo
A Cinderella Story,2004,Movie,PG,hbo
Chowder,2007,TV Show,PG,hbo
The Last Mimzy,2007,Movie,PG,hbo
The Sun Is Also a Star,2019,Movie,PG-13,hbo
The Marvelous Misadventures of Flapjack,2008,TV Show,PG,hbo
Regular Show: The Movie,2015,Movie,PG,hbo
Hear and Now,2007,Movie,,hbo
Well Groomed,2019,Movie,G,hbo
Belly,1998,Movie,R,hbo
Shoot the Moon,1982,Movie,R,hbo
How to Dance in Ohio,2015,Movie,G,hbo
Drop Dead Fred,1991,Movie,PG-13,hbo
The Art of Getting By,2011,Movie,PG-13,hbo
The Sarah Jane Adventures,2007,TV Show,G,hbo
The Not Too Late Show with Elmo,2020,TV Show,G,hbo
Six Days Seven Nights,1998,Movie,PG-13,hbo
Police Academy 2: Their First Assignment,1985,Movie,PG-13,hbo
Miss Sherlock,2018,TV Show,,hbo
How Stella Got Her Groove Back,1998,Movie,R,hbo
Murder by Numbers,2002,Movie,R,hbo
The Wizard,1989,Movie,PG,hbo
Rodan,1956,Movie,,hbo
Judge Dredd,1995,Movie,R,hbo
Romance on the High Seas,1948,Movie,,hbo
Hostel: Part II,2007,Movie,R,hbo
Friday the 13th,2009,Movie,R,hbo
A Nightmare on Elm Street Part 2: Freddy's Revenge,1985,Movie,R,hbo
Trouble in Mind,1985,Movie,R,hbo
She's Funny That Way,2015,Movie,R,hbo
Kin,2018,Movie,PG-13,hbo
Homegrown: The Counter-Terror Dilemma,2016,Movie,,hbo
Look Away,2018,Movie,R,hbo
Baby's Day Out,1994,Movie,PG,hbo
Papi Chulo,2019,Movie,R,hbo
Voyage of the Damned,1976,Movie,PG,hbo
The Nineties,2017,TV Show,PG,hbo
Satan's Brew,1976,Movie,,hbo
Birthday Girl,2001,Movie,R,hbo
Nothing Left Unsaid: Gloria Vanderbilt & Anderson Cooper,2016,Movie,PG,hbo
Black Girl,1972,Movie,PG,hbo
She's the One,1996,Movie,R,hbo
Berserk,2016,TV Show,R,hbo
Dinner with Friends,2001,Movie,R,hbo
A Dog's Life,1918,Movie,,hbo
Pushing Tin,1999,Movie,R,hbo
American Son,2008,Movie,R,hbo
The Little Stranger,2018,Movie,R,hbo
A LEGO Brickumentary,2014,Movie,G,hbo
The Curse of La Llorona,2019,Movie,R,hbo
Mavis!,2015,Movie,PG-13,hbo
Last Days,2005,Movie,R,hbo
Hearts and Minds,1974,Movie,R,hbo
The Whole Truth,2016,Movie,R,hbo
The Final Destination,2009,Movie,R,hbo
Jumpin' Jack Flash,1986,Movie,R,hbo
Flawless,1999,Movie,R,hbo
Seventh Son,2014,Movie,PG-13,hbo
The Invisible,2007,Movie,PG-13,hbo
Another Cinderella Story,2008,Movie,PG,hbo
Sally4Ever,2018,TV Show,R,hbo
Kabaneri of the Iron Fortress,2016,TV Show,R,hbo
A Black Lady Sketch Show,2019,TV Show,R,hbo
The Last Suit,2017,Movie,,hbo
Analyze That,2002,Movie,R,hbo
Must Love Dogs,2005,Movie,PG-13,hbo
Scooby-Doo 2: Monsters Unleashed,2004,Movie,PG,hbo
Your Highness,2011,Movie,R,hbo
Jungle Book,1942,Movie,,hbo
Next of Kin,1989,Movie,R,hbo
Daylight,1996,Movie,PG-13,hbo
Something Borrowed,2011,Movie,PG-13,hbo
Cats & Dogs,2001,Movie,PG,hbo
Gray's Anatomy,1996,Movie,,hbo
Police Academy 3: Back in Training,1986,Movie,PG,hbo
Sometimes in April,2005,Movie,R,hbo
The Warrior's Way,2010,Movie,R,hbo
The Oslo Diaries,2018,Movie,PG-13,hbo
Nightingale,2014,Movie,,hbo
Popeye the Sailor,1960,TV Show,G,hbo
Personal Best,1982,Movie,R,hbo
Kill Chain: The Cyber War on America's Elections,2020,Movie,,hbo
The Immigrant,1917,Movie,,hbo
Catherine the Great,2019,TV Show,R,hbo
Housesitter,1992,Movie,PG,hbo
The King of Kings,1927,Movie,,hbo
Abortion: Stories Women Tell,2016,Movie,PG-13,hbo
The Carbonaro Effect,2014,TV Show,PG-13,hbo
Wyatt Cenac's Problem Areas,2018,TV Show,R,hbo
The Rite,1969,Movie,,hbo
Soldier,1998,Movie,R,hbo
Battle for Terra,2007,Movie,PG,hbo
Forces of Nature,1999,Movie,PG-13,hbo
Pu-239,2006,Movie,R,hbo
Lone Wolf and Cub: Baby Cart to Hades,1972,Movie,R,hbo
Eragon,2006,Movie,PG,hbo
House on Haunted Hill,1999,Movie,R,hbo
Eight Legged Freaks,2002,Movie,PG-13,hbo
Mosaic,2018,TV Show,R,hbo
I Shot Jesse James,1949,Movie,,hbo
Bounce,2000,Movie,PG-13,hbo
Scooby-Doo and Scrappy-Doo,1979,TV Show,G,hbo
It Takes Two,1995,Movie,PG,hbo
Here and Now,2018,TV Show,PG-13,hbo
Godzilla vs. Gigan,1972,Movie,PG,hbo
Native Son,2019,Movie,R,hbo
The Fighting Temptations,2003,Movie,PG-13,hbo
Einstein and Eddington,2008,Movie,PG,hbo
Luck,2012,TV Show,R,hbo
Stath Lets Flats,2018,TV Show,,hbo
The Movies,2019,TV Show,,hbo
Becoming Warren Buffett,2017,Movie,PG-13,hbo
Child's Play 3,1991,Movie,R,hbo
Clarence,2014,TV Show,PG,hbo
Can You Keep a Secret?,2019,Movie,,hbo
Cradle 2 the Grave,2003,Movie,R,hbo
Wild Wild West,1999,Movie,PG-13,hbo
Lone Wolf and Cub: Baby Cart in Peril,1972,Movie,,hbo
The Little Drummer Girl,1984,Movie,R,hbo
Nights in Rodanthe,2008,Movie,PG-13,hbo
Iron Jawed Angels,2004,Movie,PG-13,hbo
Eyewitness,1981,Movie,R,hbo
John from Cincinnati,2007,TV Show,,hbo
Havana,1990,Movie,R,hbo
Brillo Box (3¢ off),2016,Movie,,hbo
The Lonely Guy,1984,Movie,R,hbo
Xanadu,1980,Movie,PG,hbo
"Bright Lights, Big City",1988,Movie,R,hbo
Unlocking the Cage,2016,Movie,PG-13,hbo
An American Rhapsody,2001,Movie,PG-13,hbo
Empowered,2018,Movie,,hbo
Volunteers,1985,Movie,R,hbo
Godzilla vs. Hedorah,1971,Movie,G,hbo
D3: The Mighty Ducks,1996,Movie,PG,hbo
The Sixties,2014,TV Show,PG,hbo
The Case Against Adnan Syed,2019,TV Show,PG-13,hbo
Shoulder Arms,1918,Movie,,hbo
Almost Royal,2014,TV Show,PG,hbo
Arthur Miller: Writer,2017,Movie,PG,hbo
Rembrandt,1936,Movie,,hbo
Cheyenne Autumn,1964,Movie,PG,hbo
Joyful Noise,2012,Movie,PG-13,hbo
Picture Perfect,1997,Movie,PG-13,hbo
Samurai III: Duel at Ganryu Island,1956,Movie,,hbo
The Electric Company,1971,TV Show,G,hbo
The Electric Company,1971,TV Show,G,hbo
The Electric Company,2009,TV Show,,hbo
The Electric Company,2009,TV Show,,hbo
Home Alone 3,1997,Movie,PG,hbo
Hemingway & Gellhorn,2012,Movie,R,hbo
Boy Interrupted,2009,Movie,,hbo
Capadocia,2008,TV Show,R,hbo
Samurai I: Musashi Miyamoto,1954,Movie,,hbo
The Yogi Bear Show,1958,TV Show,G,hbo
Five Days,2007,TV Show,R,hbo
Firewall,2006,Movie,PG-13,hbo
Share,2019,Movie,R,hbo
Lost in Space,1998,Movie,PG-13,hbo
Grisse,2018,TV Show,,hbo
Samurai II: Duel at Ichijoji Temple,1955,Movie,,hbo
Gary Gulman: The Great Depresh,2019,Movie,,hbo
Terror of Mechagodzilla,1975,Movie,G,hbo
Rugrats Go Wild,2003,Movie,PG,hbo
Katy Keene,2020,TV Show,PG-13,hbo
Witness Protection,1999,Movie,R,hbo
Bury My Heart at Wounded Knee,2007,Movie,PG-13,hbo
Almost Heroes,1998,Movie,PG-13,hbo
Cinema Verite,2011,Movie,PG-13,hbo
Overnight Delivery,1998,Movie,PG-13,hbo
The Scooby-Doo/Dynomutt Hour,1976,TV Show,PG,hbo
Traffic Stop,2017,Movie,PG-13,hbo
The Odd Couple II,1998,Movie,PG-13,hbo
A Cinderella Story: Once Upon a Song,2011,Movie,PG,hbo
Everyone's Hero,2006,Movie,G,hbo
Three to Tango,1999,Movie,PG-13,hbo
Godzilla Raids Again,1955,Movie,,hbo
Ri¢hie Ri¢h,1994,Movie,PG,hbo
54,1998,Movie,R,hbo
Journeys with George,2002,Movie,,hbo
The Eighties,2016,TV Show,,hbo
The Bachelorette,2003,TV Show,PG-13,hbo
The Bachelorette,2003,TV Show,PG-13,hbo
The Bachelorette,2015,TV Show,,hbo
The Bachelorette,2015,TV Show,,hbo
Fahrenheit 451,2018,Movie,PG-13,hbo
Alvin and the Chipmunks: Chipwrecked,2011,Movie,G,hbo
Knowing Me Knowing You with Alan Partridge,1994,TV Show,PG-13,hbo
A Nightmare on Elm Street: The Dream Child,1989,Movie,R,hbo
91 Days,2016,TV Show,R,hbo
Europe '51,1952,Movie,,hbo
Lone Wolf and Cub: Baby Cart in the Land of Demons,1973,Movie,,hbo
Major Barbara,1941,Movie,,hbo
Lone Wolf and Cub: White Heaven in Hell,1974,Movie,,hbo
Pulling Strings,2013,Movie,PG,hbo
The Bronze Garden,2017,TV Show,R,hbo
Red Planet,2000,Movie,PG-13,hbo
Mr. Wonderful,1993,Movie,PG-13,hbo
Blinded by the Lights,2018,TV Show,,hbo
The Casual Vacancy,2015,TV Show,,hbo
Season of the Witch,2011,Movie,PG-13,hbo
Elvis Presley: The Searcher,2018,Movie,PG,hbo
The Pentagon Wars,1998,Movie,R,hbo
The No. 1 Ladies' Detective Agency,2009,TV Show,PG,hbo
The 2000s,2018,TV Show,PG,hbo
"Welcome Home, Roxy Carmichael",1990,Movie,PG-13,hbo
A Girl in the River: The Price of Forgiveness,2015,Movie,PG,hbo
Leaving Neverland,2019,Movie,R,hbo
Kiznaiver,2016,TV Show,PG-13,hbo
A Thin Line Between Love and Hate,1996,Movie,R,hbo
Meet the Donors: Does Money Talk?,2016,Movie,,hbo
Mike Tyson: Undisputed Truth,2013,Movie,R,hbo
Pay Day,1922,Movie,G,hbo
There's Something Wrong with Aunt Diane,2011,Movie,R,hbo
The Seventies,2015,TV Show,PG,hbo
Phil Spector,2013,Movie,R,hbo
When Trumpets Fade,1998,Movie,R,hbo
Carrie Fisher: Wishful Drinking,2010,Movie,R,hbo
Becoming Mike Nichols,2016,Movie,PG-13,hbo
We Stand Alone Together,2001,Movie,PG,hbo
Lucy in the Sky,2019,Movie,R,hbo
Laws of Attraction,2004,Movie,PG-13,hbo
Beverly Hills Chihuahua,2008,Movie,PG,hbo
2 Dope Queens,2018,TV Show,PG-13,hbo
License to Wed,2007,Movie,PG-13,hbo
Kingdom Come,2001,Movie,PG,hbo
As You Like It,2006,Movie,PG,hbo
Bedlam,2011,TV Show,,hbo
Apple & Onion,2018,TV Show,PG,hbo
Freddy's Dead: The Final Nightmare,1991,Movie,R,hbo
The Zen Diaries of Garry Shandling,2018,Movie,PG-13,hbo
Mobsters,1991,Movie,R,hbo
Little Big Shots,2016,TV Show,G,hbo
Bachelor in Paradise,2014,TV Show,PG-13,hbo
Into the Storm,2009,Movie,PG,hbo
Ready to Rumble,2000,Movie,PG-13,hbo
Sr. Ávila,2013,TV Show,R,hbo
Hey Arnold! The Movie,2002,Movie,PG,hbo
Switch,1991,Movie,R,hbo
Hard,2020,TV Show,R,hbo
Bordertown,2007,Movie,R,hbo
The Skulls,2000,Movie,PG-13,hbo
Saving Face,2012,Movie,,hbo
Indictment: The McMartin Trial,1995,Movie,R,hbo
The Thing About My Folks,2005,Movie,PG-13,hbo
Full Frontal with Samantha Bee,2016,TV Show,PG-13,hbo
Holy Rollers,2010,Movie,R,hbo
Folklore,2018,TV Show,,hbo
Three Fugitives,1989,Movie,PG-13,hbo
Halfworlds,2015,TV Show,,hbo
The Pilgrim,1923,Movie,G,hbo
Teenage Mutant Ninja Turtles III,1993,Movie,PG,hbo
Unaccompanied Minors,2006,Movie,PG,hbo
Boys and Girls,2000,Movie,PG-13,hbo
Incarnate,2016,Movie,PG-13,hbo
Critters 2,1988,Movie,PG-13,hbo
Rokka: Braves of the Six Flowers,2015,TV Show,PG-13,hbo
Batman & Robin,1997,Movie,PG-13,hbo
Black Knight,2001,Movie,PG-13,hbo
Underdog,2007,Movie,PG,hbo
Summer Camp Island,2018,TV Show,PG,hbo
The Idle Class,1921,Movie,G,hbo
Jetsons: The Movie,1990,Movie,G,hbo
Muhammad Ali's Greatest Fight,2013,Movie,,hbo
The Great White Hype,1996,Movie,R,hbo
The Silent Valley,2016,TV Show,R,hbo
Alpha and Omega,2010,Movie,PG,hbo
New York Minute,2004,Movie,PG,hbo
The NeverEnding Story II: The Next Chapter,1990,Movie,PG,hbo
John McCain: For Whom the Bell Tolls,2018,Movie,PG,hbo
"Ebirah, Horror of the Deep",1966,Movie,PG,hbo
Magic & Bird: A Courtship of Rivals,2010,Movie,PG,hbo
Countdown,1968,Movie,,hbo
The Pact,2015,TV Show,,hbo
The Pact,2015,TV Show,,hbo
The Pact,2018,Movie,PG-13,hbo
The Pact,2018,Movie,PG-13,hbo
Supernanny,2004,TV Show,PG,hbo
Tracey Ullman's Show,2016,TV Show,R,hbo
Do You Believe in Miracles? The Story of the 1980 U.S. Hockey Team,2002,Movie,,hbo
The Silences,2019,Movie,PG-13,hbo
The Emperor Jones,1933,Movie,,hbo
Coupling,2000,TV Show,PG,hbo
Path to War,2003,Movie,PG-13,hbo
Fame,2009,Movie,PG,hbo
Clifford,1994,Movie,PG,hbo
Fathers' Day,1997,Movie,PG-13,hbo
Son of Godzilla,1967,Movie,PG,hbo
LUV,2013,Movie,R,hbo
United Skates,2018,Movie,PG-13,hbo
Salinger,2013,Movie,PG-13,hbo
Keep Your Hands Off Eizouken!,2020,TV Show,,hbo
Fugitives,2011,TV Show,R,hbo
Bleed Out,2018,Movie,PG,hbo
Clockstoppers,2002,Movie,PG,hbo
Arizona,2018,Movie,R,hbo
Magnifica 70,2015,TV Show,PG-13,hbo
Metro,1997,Movie,R,hbo
"I Love You, Now Die: The Commonwealth v. Michelle Carter",2019,Movie,PG-13,hbo
The Bachelor,2002,TV Show,PG-13,hbo
This Is Life with Lisa Ling,2014,TV Show,PG,hbo
The Beautician and the Beast,1997,Movie,PG,hbo
Wig,2019,Movie,R,hbo
Police Academy 4: Citizens on Patrol,1987,Movie,PG,hbo
The Out List,2013,Movie,PG,hbo
"Diana, Our Mother: Her Life and Legacy",2017,Movie,G,hbo
Justin Bieber's Believe,2013,Movie,PG,hbo
Real Sports with Bryant Gumbel,1995,TV Show,PG,hbo
Jonah Hex,2010,Movie,PG-13,hbo
Trigonometry,2020,TV Show,,hbo
Arliss,1996,TV Show,,hbo
The Beverly Hillbillies,1993,Movie,PG,hbo
Betsy's Wedding,1990,Movie,R,hbo
The Rink,1916,Movie,G,hbo
Alternate Endings: Six New Ways to Die in America,2019,Movie,PG,hbo
Saturn 3,1980,Movie,R,hbo
Tarzan,2013,Movie,G,hbo
"War and Peace, Part I: Andrei Bolkonsky",1965,Movie,,hbo
In/Spectre,2020,TV Show,PG-13,hbo
Jason X,2001,Movie,R,hbo
Everyday People,2004,Movie,R,hbo
Who Killed Garrett Phillips?,2019,Movie,R,hbo
House of Saddam,2008,Movie,R,hbo
Warm Springs,2005,Movie,PG,hbo
Man of the House,1995,Movie,PG,hbo
Kill!,1968,Movie,,hbo
In Pursuit of Honor,1995,Movie,PG-13,hbo
Craftopia,2020,TV Show,,hbo
Ernie & Joe,2019,Movie,R,hbo
Little Black Book,2004,Movie,PG-13,hbo
Dunston Checks In,1996,Movie,PG,hbo
The Big Green,1995,Movie,PG,hbo
Larry Kramer In Love & Anger,2015,Movie,,hbo
Ellen's Game of Games,2017,TV Show,PG,hbo
Lady Snowblood 2: Love Song of Vengeance,1974,Movie,,hbo
Hackerville,2018,TV Show,PG-13,hbo
Rapture-Palooza,2013,Movie,R,hbo
Mrs. Soffel,1984,Movie,PG-13,hbo
The Newspaperman: The Life and Times of Ben Bradlee,2017,Movie,PG-13,hbo
Walkout,2006,Movie,PG-13,hbo
Epitaphs,2004,TV Show,R,hbo
A Dangerous Son,2018,Movie,PG-13,hbo
The Cheshire Murders,2013,Movie,R,hbo
Max Keeble's Big Move,2001,Movie,G,hbo
Head Full of Honey,2014,Movie,,hbo
Head Full of Honey,2014,Movie,,hbo
Head Full of Honey,2018,Movie,PG-13,hbo
Head Full of Honey,2018,Movie,PG-13,hbo
Funny or Die Presents,2010,TV Show,R,hbo
Agnelli,2017,Movie,PG-13,hbo
Girl Crazy,1943,Movie,,hbo
Cast a Deadly Spell,1991,Movie,R,hbo
Filly Brown,2013,Movie,R,hbo
Godzilla vs. Megalon,1973,Movie,G,hbo
The Teenage Psychic,2017,TV Show,,hbo
When Shall We Kiss?,2011,TV Show,,hbo
Down to You,2000,Movie,PG-13,hbo
Initials S.G.,2019,Movie,,hbo
Zapped,2016,TV Show,,hbo
Unmasking Jihadi John: Anatomy of a Terrorist,2019,Movie,PG-13,hbo
Primeval,2007,Movie,R,hbo
Mary and Martha,2013,Movie,PG,hbo
Galaxy of Terror,1981,Movie,R,hbo
Butterfly effect,2016,TV Show,,hbo
Veneno,2018,Movie,PG-13,hbo
Gloria: In Her Own Words,2011,Movie,PG-13,hbo
12th & Delaware,2010,Movie,PG-13,hbo
Get Carter,2000,Movie,R,hbo
Whoopi Goldberg Presents Moms Mabley,2013,Movie,,hbo
Crisis: Behind a Presidential Commitment,1963,Movie,,hbo
Terror at the Mall,2014,Movie,,hbo
Jason Goes to Hell: The Final Friday,1993,Movie,R,hbo
The Hoax,2006,Movie,R,hbo
The Last of the Blonde Bombshells,2000,Movie,PG-13,hbo
In Vanda's Room,2000,Movie,,hbo
Running with Beto,2019,Movie,R,hbo
Strike Up the Band,1940,Movie,,hbo
Another Stakeout,1993,Movie,PG-13,hbo
The Iceman and the Psychiatrist,2004,Movie,,hbo
Autism: The Musical,2007,Movie,,hbo
The War of the Gargantuas,1966,Movie,G,hbo
United Shades of America,2016,TV Show,PG-13,hbo
Bye Bye Love,1995,Movie,PG-13,hbo
Miss You Can Do It,2013,Movie,,hbo
Permanent Vacation,1980,Movie,,hbo
Primary,1960,Movie,,hbo
Hanzo the Razor: Sword of Justice,1972,Movie,,hbo
Phat Girlz,2006,Movie,PG-13,hbo
Gasland Part II,2013,Movie,,hbo
Crashbox,1999,TV Show,PG,hbo
Silver City,2004,Movie,R,hbo
Snow Buddies,2008,Movie,G,hbo
Miss Evers' Boys,1997,Movie,PG,hbo
Rock the Kasbah,2015,Movie,R,hbo
Summer Catch,2001,Movie,PG-13,hbo
Keeper of the Flame,1943,Movie,G,hbo
Dreaming of Joseph Lees,1999,Movie,R,hbo
Miriam Lies,2018,Movie,,hbo
Life Support,2007,Movie,R,hbo
Rock and a Hard Place,2017,Movie,R,hbo
One Survivor Remembers,1996,Movie,PG-13,hbo
Lady Day at Emerson's Bar & Grill,2016,Movie,PG-13,hbo
Boycott,2001,Movie,PG,hbo
Air Buddies,2006,Movie,PG,hbo
50 Children: The Rescue Mission of Mr. and Mrs. Kraus,2013,Movie,,hbo
"War and Peace, Part IV: Pierre Bezukhov",1967,Movie,,hbo
The Truth About Killer Robots,2018,Movie,PG-13,hbo
The Late Shift,1996,Movie,R,hbo
"War and Peace, Part II: Natasha Rostova",1966,Movie,,hbo
"War and Peace, Part III: The Year 1812",1967,Movie,,hbo
"Yes Virginia, There Is a Santa Claus",1991,Movie,PG-13,hbo
Police Academy 5: Assignment Miami Beach,1988,Movie,PG,hbo
Any One of Us,2019,Movie,PG,hbo
Tumbledown,2015,Movie,R,hbo
In the Gloaming,1997,Movie,PG,hbo
Santa Buddies,2009,Movie,G,hbo
Very Ralph,2019,Movie,PG-13,hbo
Shakira in Concert: El Dorado World Tour,2019,Movie,,hbo
Saudi Women's Driving School,2019,Movie,PG,hbo
The Trans List,2016,Movie,R,hbo
Sunnyside,1919,Movie,,hbo
Mondays at Racine,2012,Movie,,hbo
On the Record,2020,Movie,,hbo
El Pionero,2019,TV Show,PG-13,hbo
Uncle Grandpa,2013,TV Show,PG,hbo
True Justice: Bryan Stevenson's Fight for Equality,2019,Movie,R,hbo
One Night Stand,1989,TV Show,R,hbo
Empire Falls,2005,Movie,PG-13,hbo
The Shop: Uninterrupted,2018,TV Show,R,hbo
Black Beauty,1994,Movie,G,hbo
Amore,1948,Movie,,hbo
El Astronauta,2018,Movie,PG,hbo
Supergirl,1984,Movie,PG,hbo
Camping,2018,TV Show,R,hbo
Crisis Hotline: Veterans Press 1,2013,Movie,PG-13,hbo
Million Dollar Mermaid,1952,Movie,,hbo
The Iceman Confesses: Secrets of a Mafia Hitman,2001,Movie,,hbo
The Search for Santa Paws,2010,Movie,G,hbo
Baghdad ER,2006,Movie,R,hbo
Turbo: A Power Rangers Movie,1997,Movie,PG,hbo
Mom and Dad Save the World,1992,Movie,PG,hbo
Witness,2012,TV Show,,hbo
Tanner '88,1988,TV Show,,hbo
This Time with Alan Partridge,2019,TV Show,,hbo
Dope Sick Love,2005,Movie,R,hbo
Catwoman,2004,Movie,PG-13,hbo
"The Bronx, USA",2019,Movie,PG,hbo
Jaws 3-D,1983,Movie,PG,hbo
Once Upon a Crime,1992,Movie,PG,hbo
Tokyo Project,2017,Movie,R,hbo
Mamon,2015,TV Show,,hbo
Special Effects,1984,Movie,R,hbo
Return,2007,Movie,,hbo
16 Days of Glory,1986,Movie,G,hbo
Without Love,1945,Movie,,hbo
Pinky Dinky Doo,2006,TV Show,G,hbo
Bernard and Doris,2006,Movie,PG-13,hbo
Police Academy 6: City Under Siege,1989,Movie,PG,hbo
A Day's Pleasure,1919,Movie,G,hbo
Judy Moody and the Not Bummer Summer,2011,Movie,PG,hbo
A Night in the Show,1915,Movie,,hbo
The Girl,2012,Movie,PG-13,hbo
The Iceman Tapes: Conversations with a Killer,1992,Movie,,hbo
Keeping Up with the Steins,2006,Movie,PG-13,hbo
Trek Nation,2011,Movie,G,hbo
Todxs Nos,2020,TV Show,,hbo
Hanzo the Razor: The Snare,1973,Movie,,hbo
The Best Summer of My Life,2018,Movie,,hbo
Kareem: Minority of One,2015,Movie,PG,hbo
HBO Comedy Half-Hour,1994,TV Show,PG,hbo
12 Rounds 3: Lockdown,2015,Movie,R,hbo
Equinox,1970,Movie,PG,hbo
And Starring Pancho Villa as Himself,2003,Movie,R,hbo
The Lawyer,2016,Movie,,hbo
Talkin' Dirty After Dark,1991,Movie,R,hbo
Ben 10 Race Against Time,2008,Movie,PG,hbo
Stealing Harvard,2002,Movie,PG-13,hbo
Food Lore,2019,TV Show,,hbo
Gone Fishin',1997,Movie,PG,hbo
Home,2019,TV Show,,hbo
Notes from the Field,2018,Movie,R,hbo
Wartorn: 1861-2010,2010,Movie,,hbo
Happily Ever After: Fairy Tales for Every Child,1995,TV Show,G,hbo
Santos Dumont,2019,TV Show,PG-13,hbo
Life on the Line,2015,Movie,R,hbo
Rolling Stone: Stories from the Edge,2017,Movie,R,hbo
El Diablo,1990,Movie,PG-13,hbo
Peanuts,2016,TV Show,G,hbo
Animal,2018,Movie,R,hbo
The Seventh Veil,1945,Movie,,hbo
Belichick & Saban: The Art of Coaching,2019,Movie,PG,hbo
Dirty War,2004,Movie,R,hbo
The Flintstones in Viva Rock Vegas,2000,Movie,PG,hbo
Grace,2018,TV Show,PG-13,hbo
Crime Wave,2018,Movie,R,hbo
Capturing Mary,2007,Movie,PG-13,hbo
Victor and Valentino,2019,TV Show,G,hbo
An Apology to Elephants,2013,Movie,PG,hbo
Bigger,2018,Movie,PG-13,hbo
Corky Romano,2001,Movie,PG-13,hbo
The Last Outlaw,1993,Movie,R,hbo
The Rise of Catherine the Great,1934,Movie,,hbo
Get Her... If You Can,2019,Movie,R,hbo
Living With Lincoln,2015,Movie,,hbo
The 7th Floor,2013,Movie,R,hbo
Tyson,1995,Movie,R,hbo
A Good Job: Stories of the FDNY,2014,Movie,G,hbo
Warning: This Drug May Kill You,2017,Movie,PG-13,hbo
Wonder,2019,Movie,,hbo
The Vagina Monologues,2002,Movie,R,hbo
Psi,2014,TV Show,R,hbo
Kindergarten,2001,TV Show,G,hbo
The Sea of Grass,1947,Movie,,hbo
Nixon by Nixon: In His Own Words,2014,Movie,,hbo
Evelyn x Evelyn,2020,Movie,,hbo
Tapia,2013,Movie,,hbo
Wednesday,2020,Movie,,hbo
Beverly Hills Chihuahua 2,2011,Movie,G,hbo
The Singing Nun,1966,Movie,,hbo
1968: The Year That Changed America,2018,TV Show,,hbo
I Never Promised You a Rose Garden,1977,Movie,R,hbo
Jiminy Glick in Lalawood,2004,Movie,R,hbo
Axios,2018,TV Show,PG-13,hbo
Alive Day Memories: Home from Iraq,2007,Movie,PG-13,hbo
The Dishwasher,2020,Movie,,hbo
Oprah Winfrey Presents: After Neverland,2019,Movie,PG-13,hbo
Beverly Hills Chihuahua 3 - Viva La Fiesta!,2012,Movie,G,hbo
Treasure Buddies,2012,Movie,G,hbo
Dying of the Light,2014,Movie,R,hbo
For Neda,2010,Movie,,hbo
Madison,2001,Movie,PG,hbo
Classical Baby,2005,TV Show,G,hbo
The Diplomat,2015,Movie,PG-13,hbo
Heidi,2005,Movie,G,hbo
San Francisco 2.0,2015,Movie,,hbo
Mel Brooks: Unwrapped,2018,Movie,,hbo
Strip Search,2004,Movie,R,hbo
The Squad,2011,Movie,,hbo
Cimarron,1960,Movie,,hbo
"Heroin: Cape Cod, USA",2015,Movie,R,hbo
Bully. Coward. Victim. The Story of Roy Cohn,2019,Movie,,hbo
Wandering Girl,2018,Movie,R,hbo
One Nation Under Dog,2012,Movie,,hbo
Alice,2008,TV Show,R,hbo
Long Gone By,2019,Movie,,hbo
Ruben Blades Is Not My Name,2018,Movie,,hbo
Women of Troy,2020,Movie,PG-13,hbo
Lino,2017,Movie,G,hbo
Daybreak,1993,Movie,R,hbo
Vendetta,1999,Movie,R,hbo
Bigger Than the Sky,2005,Movie,PG-13,hbo
Bachelor Pad,2010,TV Show,,hbo
Spooky Buddies,2011,Movie,G,hbo
Cap,2020,Movie,,hbo
The Lady in Red,1979,Movie,R,hbo
In Vogue: The Editor's Eye,2012,Movie,,hbo
7:20 Once a Week,2019,Movie,R,hbo
Mr. Magoo,1997,Movie,PG,hbo
Tweety's High Flying Adventure,2000,Movie,G,hbo
We Are The Heat,2018,Movie,R,hbo
Space Buddies,2009,Movie,G,hbo
Paul Robeson: Tribute to an Artist,1979,Movie,,hbo
McEnroe/Borg: Fire & Ice,2011,Movie,PG,hbo
The Misadventures of Romesh Ranganathan,2018,TV Show,,hbo
Babe Ruth,1998,Movie,PG,hbo
The Chris Gethard Show,2011,TV Show,PG-13,hbo
Fly Me to the Moon,2008,Movie,G,hbo
Police Academy: Mission to Moscow,1994,Movie,PG,hbo
Alpha and Omega 3: The Great Wolf Games,2014,Movie,G,hbo
The Fever,2004,Movie,,hbo
In the Shadow of the Towers: Stuyvesant High on 9/11,2019,Movie,PG-13,hbo
Persecuted,2019,Movie,,hbo
God is the Bigger Elvis,2012,Movie,,hbo
DC Super Hero Girls: Hero of the Year,2016,Movie,,hbo
Lindsey Vonn: The Final Season,2019,Movie,PG-13,hbo
Head Over Heels,2014,TV Show,,hbo
Hack My Life,2015,TV Show,PG-13,hbo
Sesame Street's 50th Anniversary Celebration,2019,Movie,G,hbo
Only Yesterday,1933,Movie,,hbo
Three Days of Terror: The Charlie Hebdo Attacks,2016,Movie,,hbo
Being Serena,2018,TV Show,,hbo
College,2008,Movie,R,hbo
Home Alone 4,2002,Movie,PG,hbo
Solitary,2016,Movie,PG-13,hbo
Jaws: The Revenge,1987,Movie,PG-13,hbo
Meth Storm,2017,Movie,R,hbo
Home Alone: The Holiday Heist,2012,Movie,PG,hbo
The Bachelorette Canada,2016,TV Show,,hbo
Paycheck to Paycheck: The Life & Times of Katrina Gilbert,2014,Movie,,hbo
Deep Time History,2016,TV Show,,hbo
We Are Not Done Yet,2018,Movie,PG,hbo
Slipping Into Darkness,2020,Movie,R,hbo
Shouting Fire: Stories from the Edge of Free Speech,2009,Movie,,hbo
Judgment,1990,Movie,PG-13,hbo
Toxic Hot Seat,2013,Movie,PG,hbo
What Happened on September 11,2019,Movie,PG,hbo
Lock Up: The Prisoners of Rikers Island,1994,Movie,R,hbo
It's a Hard Truth Ain't It,2018,Movie,R,hbo
The Many Lives of Nick Buoniconti,2019,Movie,PG-13,hbo
War Dog: A Soldier's Best Friend,2017,Movie,PG-13,hbo
Hopelessly Devout,2018,Movie,PG-13,hbo
Namath,2012,Movie,PG,hbo
The Tale of Gatti-Ward,2013,Movie,,hbo
The Human Face of Big Data,2016,Movie,PG,hbo
Mighty Magiswords,2015,TV Show,PG,hbo
The Last Romantic,2018,Movie,,hbo
Critters 3,1991,Movie,PG-13,hbo
"The Strange History of Don't Ask, Don't Tell",2011,Movie,,hbo
Have You Seen Andy?,2007,Movie,,hbo
Hanzo the Razor: Who's Got the Gold?,1974,Movie,,hbo
Ali & Cavett: The Tale of the Tapes,2018,Movie,,hbo
The Number on Great-Grandpa's Arm,2018,Movie,PG,hbo
Witless Protection,2008,Movie,PG-13,hbo
Foster,2018,Movie,,hbo
Triangle: Remembering the Fire,2011,Movie,,hbo
Spymate,2003,Movie,PG,hbo
Arthur 2: On the Rocks,1988,Movie,PG,hbo
Addiction,2007,Movie,PG-13,hbo
Risky Drinking,2016,Movie,R,hbo
The Secret Life of Couples,2017,TV Show,R,hbo
The Alzheimer's Project,2009,TV Show,PG,hbo
Hard Times: Lost on Long Island,2012,Movie,PG,hbo
Finding the Way Home,2019,Movie,PG,hbo
Primo,2005,Movie,,hbo
Ocean Mysteries with Jeff Corwin,2011,TV Show,G,hbo
Without Warning: The James Brady Story,1991,Movie,R,hbo
Joe's Palace,2007,Movie,R,hbo
El Perro y el Gato,2004,TV Show,,hbo
Homeless: The Motel Kids of Orange County,2010,Movie,,hbo
The Last Truck: Closing of a GM Plant,2009,Movie,,hbo
One Nation Under Stress,2019,Movie,PG-13,hbo
Coma,2007,Movie,PG,hbo
Mariela Castro's March: Cuba's LGBT Revolution,2016,Movie,,hbo
Glitter,2001,Movie,PG-13,hbo
Alice: The First Day of the Rest of My Life,2010,Movie,,hbo
"Remembering the Artist: Robert De Niro, Sr.",2014,Movie,PG-13,hbo
Guie’dani’s Navel,2019,Movie,,hbo
The Words That Built America,2017,Movie,G,hbo
Tejano,2018,Movie,,hbo
Wars of Others,2016,Movie,,hbo
Song of Parkland,2019,Movie,PG,hbo
No me digas Solterona,2018,Movie,,hbo
Josie and the Pussy Cats in Outer Space,1972,TV Show,,hbo
The End,2004,Movie,,hbo
Steel,1997,Movie,PG-13,hbo
Liberty: Mother of Exiles,2019,Movie,PG-13,hbo
41,2012,Movie,G,hbo
Out of the Cradle,2018,Movie,,hbo
Pororo: The Racing Adventure,2013,Movie,G,hbo
Koran by Heart,2011,Movie,,hbo
Sesame Street: Elmo's Playdate,2020,Movie,G,hbo
I Have Tourette's But Tourette's Doesn't Have Me,2005,Movie,PG,hbo
We Are the Dream: The Kids of the Oakland MLK Oratorical Fest,2020,Movie,G,hbo
DC Super Hero Girls: Intergalactic Games,2017,Movie,,hbo
The Fisherman,2019,Movie,PG,hbo
Stephen Hawking's Favorite Places,2016,TV Show,,hbo
Esme & Roy,2018,TV Show,G,hbo
Being Impossible,2018,Movie,,hbo
Asylum,2008,Movie,R,hbo
Mr. Conservative: Goldwater on Goldwater,2006,Movie,,hbo
Michigan vs. Ohio State: The Rivalry,2007,Movie,,hbo
Friends of God: A Road Trip with Alexandra Pelosi,2007,Movie,PG,hbo
Runnin' Rebels of UNLV,2011,Movie,,hbo
Nice and Friendly,1922,Movie,,hbo
A Rape in a Small Town: The Florence Holway Story,2005,Movie,,hbo
Outside the Bubble: On the Road with Alexandra Pelosi,2018,Movie,PG-13,hbo
The Skulls II,2002,Movie,R,hbo
Más sabe el Diablo por Viejo,2018,Movie,PG-13,hbo
About Face: Supermodels Then and Now,2012,Movie,,hbo
The Skulls III,2004,Movie,PG-13,hbo
The Ascent of Money,2008,TV Show,,hbo
Celebrity Habla 2,2010,Movie,PG,hbo
Little Rock Central: 50 Years Later,2007,Movie,,hbo
Down and Dirty with Jim Norton,2008,TV Show,R,hbo
I Was a Teenage Zombie,1987,Movie,,hbo
Critters 4,1992,Movie,PG-13,hbo
The Enemy Within,1994,Movie,,hbo
Fists of Freedom: The Story of the '68 Summer Games,1999,Movie,,hbo
Leaps In Evolution,2015,TV Show,,hbo
A Little Curious,1998,TV Show,G,hbo
The Fence (La Barda),2010,Movie,,hbo
Pinochet's Last Stand,2006,Movie,,hbo
Collision Course,1989,Movie,PG,hbo
Dead Silence,1997,Movie,R,hbo
Skinheads USA: Soldiers of the Race War,1993,Movie,,hbo
Farruko: En letra de otro,2019,Movie,PG-13,hbo
The Latin Explosion: A New America,2015,Movie,PG,hbo
El Piedra,2018,Movie,,hbo
Goodnight Moon & Other Sleepytime Tales,2005,Movie,,hbo
Angel Rodriguez,2005,Movie,R,hbo
DC Super Hero Girls: Legends of Atlantis,2018,Movie,,hbo
Lucy,2018,Movie,,hbo
Abuela's Luck,2018,Movie,,hbo
The Battle of Amfar,2013,Movie,PG-13,hbo
The Adventures of Tom Thumb & Thumbelina,2002,Movie,G,hbo
ME 3.769,2019,Movie,PG-13,hbo
Buzz,2019,Movie,R,hbo
MXP: Most Xtreme Primate,2004,Movie,G,hbo
Rock and Roll Hall of Fame 2019 Induction Ceremony,2019,Movie,PG-13,hbo
Stolen Daughters: Kidnapped By Boko Haram,2018,Movie,PG-13,hbo
City Dump: The Story of the 1951 CCNY Basketball Scandal,1998,Movie,PG,hbo
Shot Heard 'Round the World,2001,Movie,,hbo
Questioning Darwin,2014,Movie,,hbo
Requiem for the Dead: American Spring 2014,2015,Movie,,hbo
Mob Stories,1993,Movie,PG-13,hbo
Carro,2018,Movie,,hbo
First Man Into Space,1959,Movie,,hbo
Dios Inc.,2016,TV Show,,hbo
The Honeymooners,2005,Movie,PG-13,hbo
The X from Outer Space,1967,Movie,PG,hbo
"Alexander and the Terrible, Horrible, No Good, Very Bad Day",1990,Movie,,hbo
The Latino List,2011,Movie,PG,hbo
White Mile,1994,Movie,R,hbo
On Tour with Asperger's Are Us,2019,TV Show,,hbo
Love Crimes Of Kabul,2011,Movie,PG-13,hbo
The Bachelor NZ,2015,TV Show,,hbo
24/7: Kelly Slater,2019,Movie,PG-13,hbo
On Freddie Roach,2012,TV Show,R,hbo
The Tale of Peter Rabbit,1991,Movie,G,hbo
The Skin of Yesterday,2019,Movie,PG,hbo
Sermon on the Mount,2017,Movie,,hbo
"The Games of the V Olympiad Stockholm, 1912",2017,Movie,,hbo
Mann v. Ford,2011,Movie,G,hbo
Head Office,1985,Movie,PG-13,hbo
Single Long,2012,TV Show,,hbo
Plastic Disasters,2006,Movie,,hbo
Student Athlete,2018,Movie,PG,hbo
24/7 College Football,2019,TV Show,PG,hbo
"Clínica de Migrantes: Life, Liberty, and the Pursuit of Happiness",2016,Movie,G,hbo
Top Ten Monks,2010,Movie,G,hbo
Paddington Bear,1989,TV Show,,hbo
Mamartuile,2017,Movie,,hbo
All Def Comedy,2017,TV Show,R,hbo
The Music in Me: The Leopards Take Manhattan - The Little Band That Roared,2008,Movie,,hbo
The Olympics in Mexico,1969,Movie,G,hbo
The Bachelor Canada,2012,TV Show,,hbo
"Thank You, Mr. President: Helen Thomas at the White House",2008,Movie,,hbo
Someone Had to Be Benny,1996,Movie,,hbo
Break,2018,Movie,R,hbo
Sinbad: Beyond the Veil of Mists,2000,Movie,PG,hbo
Sapporo Winter Olympics,1972,Movie,,hbo
The Emperor's Newest Clothes,2018,Movie,,hbo
Americans in Bed,2013,Movie,,hbo
Fall to Grace,2013,Movie,PG-13,hbo
Tea War: The Adventures of Robert Fortune,2016,Movie,,hbo
When You Wish Upon a Pickle: A Sesame Street Special,2018,Movie,G,hbo
Muralla,2018,Movie,,hbo
Citizen USA: A 50 State Road Trip,2011,Movie,PG,hbo
Gun Fight,2011,Movie,,hbo
Shanghai Surprise,1986,Movie,PG-13,hbo
Un 4to. de Josué,2018,Movie,,hbo
David McCullough: Painting with Words,2008,Movie,,hbo
Pups United,2015,Movie,PG,hbo
Fellow Traveller,1989,Movie,,hbo
A Family Is a Family Is a Family: A Rosie O'Donnell Celebration,2010,Movie,,hbo
Cowboy Builders,2009,TV Show,,hbo
David Attenborough's Ant Mountain,2017,Movie,,hbo
When I Knew,2009,Movie,,hbo
Dark Light: The Art Of Blind Photographers,2009,Movie,PG-13,hbo
4th and Forever,2011,TV Show,,hbo
THESE COLORS DON'T RUN,2017,Movie,PG,hbo
Toe Tag Parole: To Live and Die on Yard A,2015,Movie,R,hbo
Mrs. Genovese,2018,Movie,PG-13,hbo
Hard as Nails,2007,Movie,R,hbo
The Serenade,2019,Movie,,hbo
Before We Are Forgotten,2014,Movie,,hbo
Pepito,2018,Movie,,hbo
The Return of Bulldog Drummond,1934,Movie,,hbo
The Sissy Duckling,1999,Movie,PG,hbo
The Grand Olympics,1961,Movie,,hbo
The Leisure Class,2015,Movie,R,hbo
Seoul 1988,1989,Movie,,hbo
Schwarzes Marken,2016,TV Show,,hbo
Locos de Amor 2,2018,Movie,PG-13,hbo
Return of the Scarlet Pimpernel,1937,Movie,,hbo
Kittenhood,2015,Movie,,hbo
El Baile de la Gacela,2018,Movie,,hbo
Indian Point: Imagining the Unimaginable,2004,Movie,,hbo
Dirty Driving: Thundercars Of Indiana,2008,Movie,R,hbo
Tourgasm,2006,TV Show,,hbo
Billie Jean King: Portrait of a Pioneer,2006,Movie,PG,hbo
El Chata,2017,Movie,,hbo
A Film For Families About Learning Differences,2010,Movie,,hbo
The Music in Me,2006,Movie,,hbo
Habla Women,2013,Movie,PG,hbo
Dream the Future,2016,TV Show,,hbo
Make Love Great Again,2018,Movie,,hbo
Saving Pelican 895,2011,Movie,,hbo
"It's Me, Hilary: The Man Who Drew Eloise",2015,Movie,PG,hbo
Saving My Tomorrow,2014,TV Show,,hbo
Swiped: Hooking Up in the Digital Age,2018,Movie,R,hbo
Mike Mulligan and His Steam Shovel,1990,Movie,,hbo
In Tahrir Square: 18 Days of Egypt's Unfinished Revolution,2012,Movie,PG-13,hbo
Alpha & Omega: Journey to Bear Kingdom,2017,Movie,G,hbo
First Dates Canada,2015,TV Show,,hbo
Alpha and Omega: Dino Digs,2016,Movie,PG,hbo
The Weight of the Nation,2012,TV Show,,hbo
"No Contract, No Cookies: The Stella D'Oro Strike",2010,Movie,PG-13,hbo
Heidi Fleiss: The Would-be Madam of Crystal,2008,Movie,R,hbo
Don't Divorce Me! Kids' Rules for Parents on Divorce,2012,Movie,,hbo
5 American Handguns - 5 American Kids,1995,Movie,PG,hbo
El espíritu de la salsa,2010,Movie,,hbo
Studs Terkel: Listening to America,2009,Movie,PG-13,hbo
"The Olympic Games, Amsterdam 1928",1928,Movie,,hbo
Torn Apart: Separated at the Border,2019,Movie,PG,hbo
Section 60: Arlington National Cemetery,2008,Movie,,hbo
Abortion: Desperate Choices,1992,Movie,R,hbo
"The VI Olympic Winter Games, Oslo 1952",1952,Movie,,hbo
Ira Sleeps Over,1991,Movie,,hbo
Brave New Voices 2010,2010,Movie,,hbo
Wings: Sky Force Heroes,2014,Movie,PG,hbo
A Child's Garden of Verses,1992,Movie,G,hbo
The Trials of Ted Haggard,2009,Movie,,hbo
"Lyle, Lyle Crocodile: The Musical - The House on East 88th Street",1987,Movie,,hbo
Games of the XXI Olympiad,1977,Movie,,hbo
Anna,2017,Movie,R,hbo
Cold Around the Heart,1997,Movie,R,hbo
Bud Greenspan’s Torino 2006: Stories of Olympic Glory,2007,Movie,,hbo
Innovation Nation,2011,TV Show,,hbo
Russell Simmons Presents Brave New Voices,2009,TV Show,,hbo
XIVth Olympiad: The Glory of Sport,1948,Movie,,hbo
Odd Jobs,1986,Movie,PG-13,hbo
Bud Greenspan’s Athens 2004: Stories of Olympic Glory,2005,Movie,,hbo
Episode #1.1,2006,Movie,R,hbo
Episode #1.1,2006,Movie,R,hbo
Episode #1.1,2010,Movie,,hbo
Episode #1.1,2010,Movie,,hbo
Miniverse,2017,Movie,,hbo
Elephant Kingdom,2016,Movie,PG,hbo
Alpha and Omega: The Big Fureeze,2016,Movie,G,hbo
Jason Silva: The Road to the Singularity,2016,Movie,,hbo
Bud Greenspan Presents Vancouver 2010: Stories of Olympic Glory,2011,Movie,,hbo
The Olympic Games Held at Chamonix in 1924,1924,Movie,,hbo
Positively Naked,2005,Movie,R,hbo
The Games of the VIII. Olympiad Paris 1924,1925,Movie,,hbo
Salt Lake 2002: Stories of Olympic Glory,2003,Movie,,hbo
Journey Into Dyslexia,2011,Movie,G,hbo
The Olympic Games as They Were Practiced in Ancient Greece,1924,Movie,,hbo
Sydney 2000: Stories of Olympic Glory,2001,Movie,,hbo
Diagnosis Bipolar: Five Families Search for Answers,2010,Movie,PG,hbo
Sugar Ray Robinson: The Bright Lights and Dark Shadows of a Champion,1998,Movie,,hbo
Nagano ’98 Olympics: Stories of Honor and Glory,1998,Movie,,hbo
Life on Fire,2010,TV Show,,hbo
The Weight of the Nation for Kids,2012,TV Show,,hbo
Sobredosis de Amor,2018,Movie,,hbo
"IX Olympic Winter Games, Innsbruck 1964",1964,Movie,,hbo
The IX Olympiad in Amsterdam,1928,Movie,,hbo
Portraits of a Lady,2008,Movie,G,hbo
Desde el principio,2017,Movie,,hbo
Celebrity Habla,2009,Movie,PG,hbo
Stacey Dooley Investigates,2009,TV Show,,hbo
Underwater Wonders of the National Parks,2016,TV Show,,hbo
Space Probes!,2016,TV Show,,hbo
Jack Hanna's Wild Countdown,2011,TV Show,,hbo
Full Beat,2018,Movie,PG-13,hbo
Orphans of Ebola,2016,Movie,,hbo
SeNT,2017,TV Show,,hbo
Ebola: The Doctors' Story,2016,Movie,PG,hbo
Earthday Birthday,1990,Movie,,hbo
The Music in Me: A Family Special,2007,Movie,,hbo
Silencing the Song: An Afghan Fallen Star,2011,Movie,,hbo
Who killed the Neanderthal? - Extended,2017,Movie,,hbo
The Latino List: Volume 2,2012,Movie,,hbo
Habla Men,2014,Movie,,hbo
Habla Texas,2011,Movie,PG,hbo
Heroes Cotidianos,2014,TV Show,,hbo
I Can Be President: A Kid's-Eye View,2011,Movie,G,hbo
RX: Early Detection - A Cancer Journey with Sandra Lee,2018,Movie,PG,hbo
El Negocio,2014,TV Show,,hbo
Episode #1.2,2010,Movie,,hbo
Mandrake Telefilm,2013,Movie,,hbo
The Getaway,2020,Movie,R,hbo
Her Body,2020,Movie,,hbo
Search for Second Earth,2018,TV Show,G,hbo
The Education of Mohammad Hussein,2012,Movie,,hbo
Habla y vota,2016,Movie,PG,hbo
Flight,2019,Movie,,hbo
HBO Latino Presents: A Tiny Audience,2019,TV Show,,hbo
The Adventures of Jinbao,2012,Movie,PG,hbo
First Dates New Zealand,2016,TV Show,,hbo
Autism: The Sequel,2019,Movie,,hbo
Lullaby,2019,Movie,,hbo
Happily Ever Avatar,2018,TV Show,,hbo
Russell Simmons' Def Comedy Jam,2006,TV Show,,hbo
Fantasmagorias,2017,TV Show,,hbo
Pedro Capo En letra de otro,2017,Movie,,hbo
Independent,2017,TV Show,,hbo
The Zen Diaries of Garry Shandling Part 2,2018,Movie,,hbo
Gente de Zona: En Letra de Otro,2018,Movie,,hbo
First Date Australia,2016,TV Show,,hbo
Lipstick Empire,2017,TV Show,,hbo
Kany García: Soy Yo en Vivo,2019,Movie,,hbo
When the Levees Broke: A Requiem in Four Acts (Acts 1 & 2),2006,Movie,,hbo
"Tsunami, The Aftermath Part 1",2006,Movie,,hbo
When the Levees Broke: A Requiem in Four Acts (Acts 3 & 4),2006,Movie,,hbo
Wedding Daze: The Pleasure of Your Company,2019,Movie,,hbo
Vida en Marte (Life on Mars),2018,Movie,,hbo
My Treasure,2017,Movie,,hbo
Alice Telefilm Part 2: The Last Night,2011,Movie,,hbo
Dead Men Talking: An 'Autopsy' Special,2001,Movie,,hbo
Malabar,2018,Movie,,hbo
Return to the Moon,2019,Movie,,hbo
Esta es tu Cuba (This is Your Cuba),2019,Movie,,hbo
Our Violent Sun,2017,Movie,,hbo
Hack My Life Inside Hacks,2017,TV Show,,hbo
Queen of the World,2018,Movie,,hbo
Beating Death: The Science of Survival,2018,TV Show,,hbo
Diez minutos antes,2018,Movie,,hbo
Pen Pals,1988,Movie,,hbo
Valentina,2017,Movie,,hbo
Viruses: Destruction and Creation,2016,Movie,,hbo
The Moon's Spell On The Great Barrier Reef,2014,Movie,,hbo
Lesson #7 by Alberto Ferreras,2019,Movie,,hbo
El Hipnotizador,2016,TV Show,,hbo
Who Killed Garrett Phillips? Part 2,2019,Movie,,hbo
"Tsunami, The Aftermath Part 2",2006,Movie,,hbo
The Origami Code,2015,Movie,,hbo
Hijos del Carnaval,2008,TV Show,,hbo
Natacha,2019,Movie,,hbo
State of Play: Trophy Kids,2013,Movie,,hbo
The Rise & Fall Of T-Rex,2015,Movie,,hbo
Mystery Signal From Space,2018,Movie,,hbo
The Norwegian Fjords,2018,Movie,,hbo
Mandrake Telefilm: Part 1,2013,Movie,,hbo
What Animals See,2018,Movie,,hbo
Top Science Stories of 2019,2019,Movie,,hbo
